,レースID,順位,選手登番,展示,艇番,名前,年齢,支部,体重,階級,全国勝率,全国2率,当地勝率,当地2率,モーター2率,ボート2率
0,2020-09-06芦　屋日本ＭＢ選手会会長杯1R,1,4446,6.86,1,和田兼輔,33,兵庫,51,A1,6.22,43.97,6.29,41.18,25.86,32.5
1,2020-09-06芦　屋日本ＭＢ選手会会長杯1R,2,3501,6.85,6,川上昇平,51,長崎,53,B1,4.14,24.11,5.17,27.08,36.51,26.74
2,2020-09-06芦　屋日本ＭＢ選手会会長杯1R,3,3107,6.84,3,平岡重典,56,大阪,50,B1,5.37,31.3,4.67,25.0,26.32,26.51
3,2020-09-06芦　屋日本ＭＢ選手会会長杯1R,4,4204,6.79,5,柴田大輔,38,福岡,51,B1,4.28,24.71,5.03,34.38,39.68,16.28
4,2020-09-06芦　屋日本ＭＢ選手会会長杯1R,5,4963,6.83,2,實森美祐,23,広島,46,B1,5.22,34.83,3.64,9.09,25.37,18.29
5,2020-09-06芦　屋日本ＭＢ選手会会長杯1R,6,5092,6.8,4,篠原晟弥,19,福岡,51,B1,2.8,8.86,1.86,0.0,33.85,25.0
6,2020-09-06芦　屋日本ＭＢ選手会会長杯2R,1,4443,6.82,3,津田裕絵,33,山口,48,B1,4.82,28.17,4.94,27.78,46.27,29.55
7,2020-09-06芦　屋日本ＭＢ選手会会長杯2R,2,4168,6.83,4,石野貴之,38,大阪,53,A1,6.54,43.04,8.4,65.71,17.02,29.76
8,2020-09-06芦　屋日本ＭＢ選手会会長杯2R,3,4403,6.82,1,木下大將,35,福岡,53,A2,5.0,28.83,5.59,37.25,31.82,32.93
9,2020-09-06芦　屋日本ＭＢ選手会会長杯2R,4,3620,6.89,5,信濃由行,46,福井,54,B1,4.61,22.67,5.44,22.22,36.76,33.33
10,2020-09-06芦　屋日本ＭＢ選手会会長杯2R,5,3797,6.86,2,岩井　繁,47,広島,61,B1,3.35,12.12,4.53,20.41,26.15,18.29
11,2020-09-06芦　屋日本ＭＢ選手会会長杯2R,6,3752,6.84,6,宇土泰就,49,福岡,54,B1,4.64,25.47,4.8,28.79,33.87,40.0
12,2020-09-06芦　屋日本ＭＢ選手会会長杯3R,1,4330,6.82,1,奈須啓太,37,福岡,51,A1,6.35,50.0,6.21,45.45,31.75,32.93
13,2020-09-06芦　屋日本ＭＢ選手会会長杯3R,2,3282,6.82,2,池本輝明,53,広島,51,B1,5.42,34.71,4.26,11.43,12.2,46.84
14,2020-09-06芦　屋日本ＭＢ選手会会長杯3R,3,3527,6.91,5,中嶋誠一,49,長崎,50,A2,5.86,37.72,5.47,32.56,37.1,44.83
15,2020-09-06芦　屋日本ＭＢ選手会会長杯3R,4,4796,6.82,3,春園功太,29,三重,50,A1,5.98,42.86,7.39,51.61,36.36,42.39
16,2020-09-06芦　屋日本ＭＢ選手会会長杯3R,5,5084,6.84,6,末永和也,21,佐賀,53,B1,3.87,19.05,3.55,12.12,40.63,39.78
17,2020-09-06芦　屋日本ＭＢ選手会会長杯3R,6,4947,6.83,4,間庭菜摘,28,福岡,48,B2,2.42,0.0,2.46,5.71,31.75,34.94
18,2020-09-06芦　屋日本ＭＢ選手会会長杯4R,1,4189,6.77,1,川上　剛,39,福岡,55,A1,6.74,50.36,6.88,53.25,23.08,32.5
19,2020-09-06芦　屋日本ＭＢ選手会会長杯4R,2,4788,6.81,3,小池哲也,31,大阪,54,A2,5.23,33.96,4.5,13.33,36.07,41.86
20,2020-09-06芦　屋日本ＭＢ選手会会長杯4R,3,3618,6.81,4,海野ゆか,46,広島,45,A2,6.57,50.0,6.24,41.18,40.63,34.57
21,2020-09-06芦　屋日本ＭＢ選手会会長杯4R,4,4527,6.8,2,高野心吾,32,愛知,51,B1,4.62,26.47,4.13,20.83,41.79,40.79
22,2020-09-06芦　屋日本ＭＢ選手会会長杯4R,5,4429,6.86,5,豊田泰洋,34,広島,59,B1,3.93,20.48,3.33,22.22,35.29,28.41
23,2020-09-06芦　屋日本ＭＢ選手会会長杯4R,6,5013,6.8,6,山下夏鈴,23,三重,45,B1,3.03,10.67,2.0,0.0,37.5,44.3
24,2020-09-06芦　屋日本ＭＢ選手会会長杯5R,1,4804,6.84,6,高田ひか,26,三重,47,A2,5.49,37.84,6.86,52.38,55.38,36.36
25,2020-09-06芦　屋日本ＭＢ選手会会長杯5R,2,4174,6.8,1,赤坂俊輔,37,長崎,50,A1,7.55,56.44,7.31,57.14,49.23,28.38
26,2020-09-06芦　屋日本ＭＢ選手会会長杯5R,3,4564,6.86,5,山本景士,32,広島,51,B1,5.35,31.03,5.18,26.53,32.79,42.05
27,2020-09-06芦　屋日本ＭＢ選手会会長杯5R,4,3501,6.9,3,川上昇平,51,長崎,53,B1,4.14,24.11,5.17,27.08,36.51,26.74
28,2020-09-06芦　屋日本ＭＢ選手会会長杯5R,5,4302,6.83,4,西野翔太,37,広島,50,A2,5.93,43.33,6.41,42.59,46.88,31.03
29,2020-09-06芦　屋日本ＭＢ選手会会長杯6R,1,4204,6.76,1,柴田大輔,38,福岡,51,B1,4.28,24.71,5.03,34.38,39.68,16.28
30,2020-09-06芦　屋日本ＭＢ選手会会長杯6R,2,4133,6.89,5,高橋正男,40,兵庫,52,A1,6.43,49.25,7.0,50.0,36.07,36.9
31,2020-09-06芦　屋日本ＭＢ選手会会長杯6R,3,4734,6.81,2,安河内将,30,佐賀,50,A1,6.03,39.08,6.24,48.78,28.13,42.05
32,2020-09-06芦　屋日本ＭＢ選手会会長杯6R,4,4340,6.86,3,土性雅也,36,三重,54,A2,5.04,31.9,4.75,25.0,41.54,39.02
33,2020-09-06芦　屋日本ＭＢ選手会会長杯6R,5,3797,6.89,4,岩井　繁,47,広島,61,B1,3.35,12.12,4.53,20.41,26.15,18.29
34,2020-09-06芦　屋日本ＭＢ選手会会長杯6R,6,5078,6.8,6,山川波乙,22,三重,46,B2,2.08,6.78,0.0,0.0,25.45,27.5
35,2020-09-06芦　屋日本ＭＢ選手会会長杯7R,1,3809,6.85,3,吉田　光,45,佐賀,50,B1,4.92,32.18,5.16,34.48,27.78,28.21
36,2020-09-06芦　屋日本ＭＢ選手会会長杯7R,2,4213,6.94,4,重富伸也,36,長崎,51,B1,4.25,21.92,3.81,25.0,19.61,37.08
37,2020-09-06芦　屋日本ＭＢ選手会会長杯7R,3,5092,6.8,6,篠原晟弥,19,福岡,51,B1,2.8,8.86,1.86,0.0,33.85,25.0
38,2020-09-06芦　屋日本ＭＢ選手会会長杯7R,4,2958,6.89,1,井川正人,62,長崎,51,B1,3.2,14.29,3.74,12.82,41.82,25.3
39,2020-09-06芦　屋日本ＭＢ選手会会長杯7R,5,3620,6.84,2,信濃由行,46,福井,54,B1,4.61,22.67,5.44,22.22,36.76,33.33
40,2020-09-06芦　屋日本ＭＢ選手会会長杯7R,6,4675,6.85,5,井手良太,32,大阪,51,B1,5.41,30.86,0.0,0.0,38.33,25.0
41,2020-09-06芦　屋日本ＭＢ選手会会長杯8R,1,4207,6.8,2,松下一也,37,静岡,54,A2,6.57,55.67,7.5,60.0,40.38,44.58
42,2020-09-06芦　屋日本ＭＢ選手会会長杯8R,2,4118,6.87,3,宇佐見淳,39,愛知,53,A1,6.31,45.97,7.11,63.16,57.58,39.76
43,2020-09-06芦　屋日本ＭＢ選手会会長杯8R,3,3752,6.87,4,宇土泰就,49,福岡,54,B1,4.64,25.47,4.8,28.79,33.87,40.0
44,2020-09-06芦　屋日本ＭＢ選手会会長杯8R,4,3527,6.85,1,中嶋誠一,49,長崎,50,A2,5.86,37.72,5.47,32.56,37.1,44.83
45,2020-09-06芦　屋日本ＭＢ選手会会長杯8R,5,4527,6.89,5,高野心吾,32,愛知,51,B1,4.62,26.47,4.13,20.83,41.79,40.79
46,2020-09-06芦　屋日本ＭＢ選手会会長杯8R,6,4195,6.91,6,前川守嗣,38,福岡,55,A2,5.43,36.56,4.97,34.21,22.95,28.05
47,2020-09-06芦　屋日本ＭＢ選手会会長杯9R,1,4340,6.87,2,土性雅也,36,三重,54,A2,5.04,31.9,4.75,25.0,41.54,39.02
48,2020-09-06芦　屋日本ＭＢ選手会会長杯9R,2,3618,6.9,3,海野ゆか,46,広島,45,A2,6.57,50.0,6.24,41.18,40.63,34.57
49,2020-09-06芦　屋日本ＭＢ選手会会長杯9R,3,3107,6.88,1,平岡重典,56,大阪,50,B1,5.37,31.3,4.67,25.0,26.32,26.51
50,2020-09-06芦　屋日本ＭＢ選手会会長杯9R,4,4298,6.86,6,宮下元胤,37,愛知,53,A2,6.0,40.0,0.0,0.0,39.39,38.2
51,2020-09-06芦　屋日本ＭＢ選手会会長杯9R,5,4210,6.84,5,松村康太,37,福井,51,A2,6.24,41.94,6.31,34.48,22.73,37.21
52,2020-09-06芦　屋日本ＭＢ選手会会長杯9R,6,3282,6.9,4,池本輝明,53,広島,51,B1,5.42,34.71,4.26,11.43,12.2,46.84
53,2020-09-06芦　屋日本ＭＢ選手会会長杯10R,1,4302,6.83,1,西野翔太,37,広島,50,A2,5.93,43.33,6.41,42.59,46.88,31.03
54,2020-09-06芦　屋日本ＭＢ選手会会長杯10R,2,4133,6.91,2,高橋正男,40,兵庫,52,A1,6.43,49.25,7.0,50.0,36.07,36.9
55,2020-09-06芦　屋日本ＭＢ選手会会長杯10R,3,4782,6.96,3,浜崎準也,33,岡山,49,B1,5.78,40.54,3.18,17.65,7.89,31.76
56,2020-09-06芦　屋日本ＭＢ選手会会長杯10R,4,3717,6.92,4,立間充宏,45,岡山,55,A2,6.41,49.49,7.39,62.71,32.31,24.05
57,2020-09-06芦　屋日本ＭＢ選手会会長杯10R,5,4209,6.89,6,藤田竜弘,37,静岡,60,A2,5.73,39.13,4.67,11.11,34.38,31.71
58,2020-09-06芦　屋日本ＭＢ選手会会長杯10R,6,4963,6.89,5,實森美祐,23,広島,46,B1,5.22,34.83,3.64,9.09,25.37,18.29
59,2020-09-06芦　屋日本ＭＢ選手会会長杯11R,1,4118,6.9,1,宇佐見淳,39,愛知,53,A1,6.31,45.97,7.11,63.16,57.58,39.76
60,2020-09-06芦　屋日本ＭＢ選手会会長杯11R,2,4788,6.92,6,小池哲也,31,大阪,54,A2,5.23,33.96,4.5,13.33,36.07,41.86
61,2020-09-06芦　屋日本ＭＢ選手会会長杯11R,3,4330,6.88,3,奈須啓太,37,福岡,51,A1,6.35,50.0,6.21,45.45,31.75,32.93
62,2020-09-06芦　屋日本ＭＢ選手会会長杯11R,4,4403,6.86,5,木下大將,35,福岡,53,A2,5.0,28.83,5.59,37.25,31.82,32.93
63,2020-09-06芦　屋日本ＭＢ選手会会長杯11R,5,4804,6.85,2,高田ひか,26,三重,47,A2,5.49,37.84,6.86,52.38,55.38,36.36
64,2020-09-06芦　屋日本ＭＢ選手会会長杯11R,6,3809,6.91,4,吉田　光,45,佐賀,50,B1,4.92,32.18,5.16,34.48,27.78,28.21
65,2020-09-06芦　屋日本ＭＢ選手会会長杯12R,1,4174,6.79,3,赤坂俊輔,37,長崎,50,A1,7.55,56.44,7.31,57.14,49.23,28.38
66,2020-09-06芦　屋日本ＭＢ選手会会長杯12R,2,4446,6.87,4,和田兼輔,33,兵庫,51,A1,6.22,43.97,6.29,41.18,25.86,32.5
67,2020-09-06芦　屋日本ＭＢ選手会会長杯12R,3,4796,6.88,6,春園功太,29,三重,50,A1,5.98,42.86,7.39,51.61,36.36,42.39
68,2020-09-06芦　屋日本ＭＢ選手会会長杯12R,4,4189,6.76,2,川上　剛,39,福岡,55,A1,6.74,50.36,6.88,53.25,23.08,32.5
69,2020-09-06芦　屋日本ＭＢ選手会会長杯12R,5,4734,6.84,5,安河内将,30,佐賀,50,A1,6.03,39.08,6.24,48.78,28.13,42.05
70,2020-09-06芦　屋日本ＭＢ選手会会長杯12R,6,4168,6.82,1,石野貴之,38,大阪,53,A1,6.54,43.04,8.4,65.71,17.02,29.76
71,2020-09-06下　関ＢＴＳながとオープン記念1R,1,3976,6.96,3,内田　圭,43,山口,54,B2,3.63,16.33,3.43,16.67,40.17,25.25
72,2020-09-06下　関ＢＴＳながとオープン記念1R,2,3432,6.92,4,宮迫暢彦,52,大阪,52,B1,5.24,33.66,5.77,38.71,29.47,38.89
73,2020-09-06下　関ＢＴＳながとオープン記念1R,3,5053,6.98,5,山口広樹,24,福岡,53,B2,2.18,2.94,1.4,0.0,32.08,24.24
74,2020-09-06下　関ＢＴＳながとオープン記念1R,4,3989,6.96,6,熊本英一,42,佐賀,57,B1,4.44,24.71,0.0,0.0,23.47,37.96
75,2020-09-06下　関ＢＴＳながとオープン記念1R,5,3771,6.96,1,折下寛法,46,東京,51,A2,5.75,39.64,4.17,33.33,29.9,44.95
76,2020-09-06下　関ＢＴＳながとオープン記念1R,6,4285,6.97,2,伴　将典,36,愛知,60,B1,3.77,20.0,5.38,25.0,27.35,40.37
77,2020-09-06下　関ＢＴＳながとオープン記念2R,1,4863,6.77,4,三浦裕貴,31,東京,54,B1,4.74,27.69,4.0,0.0,57.63,33.94
78,2020-09-06下　関ＢＴＳながとオープン記念2R,2,4817,6.88,1,渡邉　翼,29,山口,50,B1,5.27,27.78,5.62,36.91,25.0,35.14
79,2020-09-06下　関ＢＴＳながとオープン記念2R,3,3964,6.91,3,宮地博士,41,長崎,54,B1,4.31,16.13,4.21,10.34,44.66,30.19
80,2020-09-06下　関ＢＴＳながとオープン記念2R,4,3123,6.89,5,中西宏文,58,滋賀,50,B1,4.54,23.17,4.68,23.53,46.79,38.53
81,2020-09-06下　関ＢＴＳながとオープン記念2R,5,3642,6.94,2,大塚浩二,49,静岡,51,B1,3.76,12.68,0.0,0.0,42.59,28.71
82,2020-09-06下　関ＢＴＳながとオープン記念2R,6,3823,6.88,6,本部真吾,47,三重,55,B1,4.11,19.72,4.69,18.75,44.0,31.53
83,2020-09-06下　関ＢＴＳながとオープン記念3R,1,3072,6.99,1,西田　靖,58,東京,53,B1,4.53,26.58,4.13,25.0,29.25,31.48
84,2020-09-06下　関ＢＴＳながとオープン記念3R,2,3436,6.97,2,柏野幸二,51,岡山,50,A1,6.6,50.5,7.13,43.75,41.86,26.67
85,2020-09-06下　関ＢＴＳながとオープン記念3R,3,4342,6.99,5,谷野錬志,35,静岡,53,A1,6.73,52.75,6.94,54.29,43.27,21.43
86,2020-09-06下　関ＢＴＳながとオープン記念3R,4,3831,6.96,3,安藤裕貴,46,愛知,53,A2,5.15,34.48,4.3,21.21,47.06,35.19
87,2020-09-06下　関ＢＴＳながとオープン記念3R,5,3559,6.93,4,水長照雄,52,山口,52,B1,4.09,17.57,5.03,26.32,27.93,28.44
88,2020-09-06下　関ＢＴＳながとオープン記念3R,6,3153,6.99,6,前川竜次,56,佐賀,51,B1,4.49,19.59,4.25,22.22,22.77,39.81
89,2020-09-06下　関ＢＴＳながとオープン記念4R,1,4382,7.11,4,高山智至,35,滋賀,56,A2,5.48,31.9,5.93,39.29,42.72,23.91
90,2020-09-06下　関ＢＴＳながとオープン記念4R,2,3105,7.17,1,内山文典,57,東京,54,B1,5.2,28.07,0.0,0.0,25.89,20.59
91,2020-09-06下　関ＢＴＳながとオープン記念4R,3,4418,7.1,6,茅原悠紀,33,岡山,56,A1,7.99,52.08,7.27,45.95,26.04,36.11
92,2020-09-06下　関ＢＴＳながとオープン記念4R,4,3156,7.16,2,金子良昭,55,静岡,53,A1,6.51,48.51,5.27,27.27,38.83,23.4
93,2020-09-06下　関ＢＴＳながとオープン記念4R,5,5115,7.07,5,香川颯太,20,滋賀,51,B2,1.56,2.94,0.0,0.0,31.19,39.09
94,2020-09-06下　関ＢＴＳながとオープン記念4R,6,4557,7.11,3,松尾光広,30,岡山,56,B1,4.69,27.03,4.5,28.57,37.14,30.91
95,2020-09-06下　関ＢＴＳながとオープン記念5R,1,4015,7.03,1,前野竜一,40,山口,59,A2,5.55,32.35,5.61,33.33,31.82,32.73
96,2020-09-06下　関ＢＴＳながとオープン記念5R,2,3507,7.01,2,藤井　徹,49,大阪,51,B1,4.19,16.22,4.28,22.22,41.9,34.55
97,2020-09-06下　関ＢＴＳながとオープン記念5R,3,4299,7.07,3,中島浩哉,37,長崎,57,B1,4.91,28.28,3.52,19.05,29.63,22.77
98,2020-09-06下　関ＢＴＳながとオープン記念5R,4,4729,7.02,5,佐藤謙史,31,福岡,57,B1,3.77,13.51,3.35,11.54,34.91,31.43
99,2020-09-06下　関ＢＴＳながとオープン記念5R,5,5053,7.09,6,山口広樹,24,福岡,53,B2,2.18,2.94,1.4,0.0,32.08,24.24
100,2020-09-06下　関ＢＴＳながとオープン記念5R,6,4926,7.02,4,吉川貴仁,27,三重,52,A1,6.53,50.0,5.68,42.11,30.56,24.47
101,2020-09-06下　関ＢＴＳながとオープン記念6R,1,3401,7.15,2,上田隆章,53,香川,53,A2,3.98,21.59,5.44,38.46,25.77,33.94
102,2020-09-06下　関ＢＴＳながとオープン記念6R,2,4485,7.08,4,楠原正剛,34,福岡,55,A2,5.46,33.65,5.86,39.29,42.11,34.86
103,2020-09-06下　関ＢＴＳながとオープン記念6R,3,3233,7.18,1,小畑実成,53,岡山,51,A2,5.74,40.0,6.03,44.12,26.26,25.89
104,2020-09-06下　関ＢＴＳながとオープン記念6R,4,4351,7.05,6,里岡右貴,34,福岡,53,A1,6.95,56.92,6.86,40.91,31.73,32.73
105,2020-09-06下　関ＢＴＳながとオープン記念6R,5,3989,7.11,3,熊本英一,42,佐賀,57,B1,4.44,24.71,0.0,0.0,23.47,37.96
106,2020-09-06下　関ＢＴＳながとオープン記念6R,6,3976,7.17,5,内田　圭,43,山口,54,B2,3.63,16.33,3.43,16.67,40.17,25.25
107,2020-09-06下　関ＢＴＳながとオープン記念7R,1,4293,7.15,1,鈴木智啓,35,愛知,57,A2,4.99,31.58,6.88,62.5,26.04,24.73
108,2020-09-06下　関ＢＴＳながとオープン記念7R,2,4364,7.1,4,池永　太,35,福岡,53,A1,6.73,47.06,7.06,56.0,37.27,31.19
109,2020-09-06下　関ＢＴＳながとオープン記念7R,3,3559,7.06,3,水長照雄,52,山口,52,B1,4.09,17.57,5.03,26.32,27.93,28.44
110,2020-09-06下　関ＢＴＳながとオープン記念7R,4,4410,7.11,5,井上大輔,34,岡山,51,A2,5.35,38.17,6.23,53.33,18.18,32.73
111,2020-09-06下　関ＢＴＳながとオープン記念7R,5,4081,7.04,2,樋口範政,41,愛知,56,B1,4.26,22.62,3.89,22.22,41.13,37.61
112,2020-09-06下　関ＢＴＳながとオープン記念7R,6,3642,7.08,6,大塚浩二,49,静岡,51,B1,3.76,12.68,0.0,0.0,42.59,28.71
113,2020-09-06下　関ＢＴＳながとオープン記念8R,1,4526,7.02,2,池田雄祐,32,愛知,51,A2,5.8,36.21,6.24,47.62,26.92,31.53
114,2020-09-06下　関ＢＴＳながとオープン記念8R,2,4172,7.12,6,森定晃史,37,岡山,50,A1,6.23,40.71,6.05,31.58,23.71,34.55
115,2020-09-06下　関ＢＴＳながとオープン記念8R,3,4049,7.16,3,荒川健太,39,三重,56,A2,6.46,46.08,5.54,28.57,36.79,27.84
116,2020-09-06下　関ＢＴＳながとオープン記念8R,4,3072,7.13,5,西田　靖,58,東京,53,B1,4.53,26.58,4.13,25.0,29.25,31.48
117,2020-09-06下　関ＢＴＳながとオープン記念8R,5,4151,7.1,4,下河誉史,38,福岡,56,A2,5.28,34.23,6.21,39.29,30.1,38.53
118,2020-09-06下　関ＢＴＳながとオープン記念8R,6,4180,7.17,1,上野秀和,37,福岡,57,B1,4.0,17.76,4.91,21.74,29.75,44.44
119,2020-09-06宮　島第８回トータリゼータエンジニアリング杯1R,1,3574,6.89,1,大神康司,48,福岡,52,A2,6.19,42.7,5.52,35.19,41.81,33.94
120,2020-09-06宮　島第８回トータリゼータエンジニアリング杯1R,2,3855,6.84,4,大熊辰弥,47,香川,50,B1,4.13,20.73,3.74,11.43,36.65,32.42
121,2020-09-06宮　島第８回トータリゼータエンジニアリング杯1R,3,4268,6.88,2,和合俊介,34,福岡,58,B1,4.07,16.67,3.44,11.11,23.9,28.77
122,2020-09-06宮　島第８回トータリゼータエンジニアリング杯1R,4,3382,6.84,5,岩谷　真,51,東京,50,B1,4.42,23.29,4.5,30.0,28.57,29.29
123,2020-09-06宮　島第８回トータリゼータエンジニアリング杯1R,5,5042,6.83,3,畑田汰一,21,埼玉,52,B1,5.57,40.54,0.0,0.0,28.57,28.57
124,2020-09-06宮　島第８回トータリゼータエンジニアリング杯1R,6,5136,6.93,6,濱野斗馬,20,香川,55,B2,1.19,0.0,1.38,0.0,30.81,29.49
125,2020-09-06宮　島第８回トータリゼータエンジニアリング杯2R,1,4257,6.76,1,古川　健,36,広島,50,B1,5.06,29.55,5.55,42.59,37.39,28.22
126,2020-09-06宮　島第８回トータリゼータエンジニアリング杯2R,2,2844,6.83,4,田中伸二,63,広島,52,B1,4.73,30.0,4.55,25.4,35.59,29.25
127,2020-09-06宮　島第８回トータリゼータエンジニアリング杯2R,3,4004,6.81,2,山本浩輔,42,長崎,51,B1,4.49,24.18,6.05,45.45,32.29,32.24
128,2020-09-06宮　島第８回トータリゼータエンジニアリング杯2R,4,5121,6.8,6,定松勇樹,19,佐賀,51,B2,2.51,7.25,0.0,0.0,35.65,43.26
129,2020-09-06宮　島第８回トータリゼータエンジニアリング杯2R,5,3283,6.78,3,窪田好弘,53,福井,53,B1,4.04,16.44,3.86,14.29,40.26,29.44
130,2020-09-06宮　島第８回トータリゼータエンジニアリング杯2R,6,3755,6.83,5,吉村和也,49,長崎,51,B1,4.48,22.39,4.14,28.57,24.35,35.62
131,2020-09-06宮　島第８回トータリゼータエンジニアリング杯3R,1,4272,6.73,3,大場広孝,38,福岡,58,A2,5.26,33.33,5.44,34.38,44.74,28.71
132,2020-09-06宮　島第８回トータリゼータエンジニアリング杯3R,2,4731,6.75,1,間野兼礼,31,愛知,51,B1,4.44,20.88,6.06,43.75,35.65,25.96
133,2020-09-06宮　島第８回トータリゼータエンジニアリング杯3R,3,3944,6.79,6,山口裕二,41,長崎,53,A1,6.36,41.73,6.18,57.14,31.28,28.84
134,2020-09-06宮　島第８回トータリゼータエンジニアリング杯3R,4,3930,6.78,2,岸本　隆,44,岡山,55,A2,5.4,37.37,4.55,24.53,28.28,29.58
135,2020-09-06宮　島第８回トータリゼータエンジニアリング杯3R,5,3522,6.77,4,長溝一生,52,佐賀,52,A2,6.25,47.37,5.34,36.21,23.89,32.72
136,2020-09-06宮　島第８回トータリゼータエンジニアリング杯3R,6,5104,6.8,5,山田　丈,21,福岡,50,B2,2.18,0.0,0.0,0.0,34.38,39.63
137,2020-09-06宮　島第８回トータリゼータエンジニアリング杯4R,1,3952,6.78,1,中澤和志,44,埼玉,53,A1,6.82,46.77,6.38,52.38,34.26,31.51
138,2020-09-06宮　島第８回トータリゼータエンジニアリング杯4R,2,4173,6.74,4,岡谷健吾,37,広島,57,A2,5.81,38.06,6.57,46.67,37.33,28.22
139,2020-09-06宮　島第８回トータリゼータエンジニアリング杯4R,3,4495,6.71,3,森晋太郎,33,福岡,53,B1,4.63,28.36,4.56,16.67,37.66,38.07
140,2020-09-06宮　島第８回トータリゼータエンジニアリング杯4R,4,3477,6.79,5,近藤稔也,50,徳島,55,B1,4.72,22.83,3.91,21.88,27.91,35.21
141,2020-09-06宮　島第８回トータリゼータエンジニアリング杯4R,5,3815,6.8,6,森岡満郎,44,岡山,54,A2,4.91,26.67,6.0,44.0,38.33,36.11
142,2020-09-06宮　島第８回トータリゼータエンジニアリング杯4R,6,3851,6.75,2,森田昭彦,48,福岡,56,B1,4.03,20.31,4.0,24.24,57.4,28.57
143,2020-09-06宮　島第８回トータリゼータエンジニアリング杯5R,1,4523,6.72,1,中村辰也,32,長崎,52,A2,6.18,50.0,5.93,40.0,29.86,27.57
144,2020-09-06宮　島第８回トータリゼータエンジニアリング杯5R,2,3946,6.77,6,赤岩善生,44,愛知,54,A1,6.82,43.42,8.04,62.5,37.71,26.51
145,2020-09-06宮　島第８回トータリゼータエンジニアリング杯5R,3,3955,6.82,2,眞田英二,43,徳島,51,A2,5.97,45.54,6.48,50.0,33.96,32.09
146,2020-09-06宮　島第８回トータリゼータエンジニアリング杯5R,4,3284,6.79,3,渡邊伸太,52,佐賀,53,A1,6.5,48.51,5.94,33.33,28.17,39.91
147,2020-09-06宮　島第８回トータリゼータエンジニアリング杯5R,5,3867,6.8,4,松浦　勝,45,愛知,54,B1,4.3,24.29,5.1,10.0,23.96,29.05
148,2020-09-06宮　島第８回トータリゼータエンジニアリング杯5R,6,4268,6.79,5,和合俊介,34,福岡,58,B1,4.07,16.67,3.44,11.11,23.9,28.77
149,2020-09-06宮　島第８回トータリゼータエンジニアリング杯6R,1,3784,6.81,5,中島友和,44,佐賀,52,A2,5.97,44.14,5.8,41.89,33.77,33.18
150,2020-09-06宮　島第８回トータリゼータエンジニアリング杯6R,2,3265,6.86,4,今村暢孝,55,福岡,52,A1,7.03,59.0,7.37,65.79,35.94,43.84
151,2020-09-06宮　島第８回トータリゼータエンジニアリング杯6R,4,5042,6.81,1,畑田汰一,21,埼玉,52,B1,5.57,40.54,0.0,0.0,28.57,28.57
152,2020-09-06宮　島第８回トータリゼータエンジニアリング杯6R,5,3746,6.84,2,岡瀬正人,45,岡山,52,A2,6.08,41.01,5.28,34.48,38.71,32.66
153,2020-09-06宮　島第８回トータリゼータエンジニアリング杯6R,6,4004,6.82,3,山本浩輔,42,長崎,51,B1,4.49,24.18,6.05,45.45,32.29,32.24
154,2020-09-06宮　島第８回トータリゼータエンジニアリング杯7R,1,3912,6.76,1,川原正明,46,福井,50,A1,6.05,39.84,6.57,54.76,29.27,31.16
155,2020-09-06宮　島第８回トータリゼータエンジニアリング杯7R,2,4272,6.75,5,大場広孝,38,福岡,58,A2,5.26,33.33,5.44,34.38,44.74,28.71
156,2020-09-06宮　島第８回トータリゼータエンジニアリング杯7R,3,4540,6.75,2,相原利章,33,東京,52,B1,4.65,26.6,0.0,0.0,34.84,36.87
157,2020-09-06宮　島第８回トータリゼータエンジニアリング杯7R,4,4731,6.82,4,間野兼礼,31,愛知,51,B1,4.44,20.88,6.06,43.75,35.65,25.96
158,2020-09-06宮　島第８回トータリゼータエンジニアリング杯7R,5,4374,6.83,3,永田義紘,36,広島,50,B1,4.89,30.53,3.87,18.07,33.62,35.19
159,2020-09-06宮　島第８回トータリゼータエンジニアリング杯7R,6,4506,6.83,6,稗田聖也,32,福岡,52,A2,6.08,45.53,5.85,46.15,36.11,37.38
160,2020-09-06宮　島第８回トータリゼータエンジニアリング杯8R,1,3910,6.8,2,松下知幸,46,香川,50,B1,4.52,24.0,4.1,30.0,38.81,23.83
161,2020-09-06宮　島第８回トータリゼータエンジニアリング杯8R,2,4424,6.74,1,松尾昂明,35,福岡,51,A2,6.18,48.53,6.27,43.24,38.57,31.96
162,2020-09-06宮　島第８回トータリゼータエンジニアリング杯8R,3,3815,6.85,3,森岡満郎,44,岡山,54,A2,4.91,26.67,6.0,44.0,38.33,36.11
163,2020-09-06宮　島第８回トータリゼータエンジニアリング杯8R,4,5121,6.86,4,定松勇樹,19,佐賀,51,B2,2.51,7.25,0.0,0.0,35.65,43.26
164,2020-09-06宮　島第８回トータリゼータエンジニアリング杯8R,5,3930,6.82,6,岸本　隆,44,岡山,55,A2,5.4,37.37,4.55,24.53,28.28,29.58
165,2020-09-06宮　島第８回トータリゼータエンジニアリング杯8R,6,5136,6.93,5,濱野斗馬,20,香川,55,B2,1.19,0.0,1.38,0.0,30.81,29.49
166,2020-09-06宮　島第８回トータリゼータエンジニアリング杯9R,1,3784,6.79,1,中島友和,44,佐賀,52,A2,5.97,44.14,5.8,41.89,33.77,33.18
167,2020-09-06宮　島第８回トータリゼータエンジニアリング杯9R,2,3955,6.86,4,眞田英二,43,徳島,51,A2,5.97,45.54,6.48,50.0,33.96,32.09
168,2020-09-06宮　島第８回トータリゼータエンジニアリング杯9R,3,3477,6.79,2,近藤稔也,50,徳島,55,B1,4.72,22.83,3.91,21.88,27.91,35.21
169,2020-09-06宮　島第８回トータリゼータエンジニアリング杯9R,4,3382,6.81,3,岩谷　真,51,東京,50,B1,4.42,23.29,4.5,30.0,28.57,29.29
170,2020-09-06宮　島第８回トータリゼータエンジニアリング杯9R,5,5104,6.81,6,山田　丈,21,福岡,50,B2,2.18,0.0,0.0,0.0,34.38,39.63
171,2020-09-06宮　島第８回トータリゼータエンジニアリング杯9R,6,4495,6.75,5,森晋太郎,33,福岡,53,B1,4.63,28.36,4.56,16.67,37.66,38.07
172,2020-09-06宮　島第８回トータリゼータエンジニアリング杯10R,1,3944,6.78,1,山口裕二,41,長崎,53,A1,6.36,41.73,6.18,57.14,31.28,28.84
173,2020-09-06宮　島第８回トータリゼータエンジニアリング杯10R,2,3265,6.83,2,今村暢孝,55,福岡,52,A1,7.03,59.0,7.37,65.79,35.94,43.84
174,2020-09-06宮　島第８回トータリゼータエンジニアリング杯10R,3,3574,6.89,3,大神康司,48,福岡,52,A2,6.19,42.7,5.52,35.19,41.81,33.94
175,2020-09-06宮　島第８回トータリゼータエンジニアリング杯10R,4,4257,6.8,5,古川　健,36,広島,50,B1,5.06,29.55,5.55,42.59,37.39,28.22
176,2020-09-06宮　島第８回トータリゼータエンジニアリング杯10R,5,3851,6.8,6,森田昭彦,48,福岡,56,B1,4.03,20.31,4.0,24.24,57.4,28.57
177,2020-09-06宮　島第８回トータリゼータエンジニアリング杯10R,6,3284,6.86,4,渡邊伸太,52,佐賀,53,A1,6.5,48.51,5.94,33.33,28.17,39.91
178,2020-09-06宮　島第８回トータリゼータエンジニアリング杯11R,1,3946,6.74,1,赤岩善生,44,愛知,54,A1,6.82,43.42,8.04,62.5,37.71,26.51
179,2020-09-06宮　島第８回トータリゼータエンジニアリング杯11R,2,4173,6.69,2,岡谷健吾,37,広島,57,A2,5.81,38.06,6.57,46.67,37.33,28.22
180,2020-09-06宮　島第８回トータリゼータエンジニアリング杯11R,3,4374,6.76,4,永田義紘,36,広島,50,B1,4.89,30.53,3.87,18.07,33.62,35.19
181,2020-09-06宮　島第８回トータリゼータエンジニアリング杯11R,4,3746,6.72,5,岡瀬正人,45,岡山,52,A2,6.08,41.01,5.28,34.48,38.71,32.66
182,2020-09-06宮　島第８回トータリゼータエンジニアリング杯11R,5,4540,6.73,6,相原利章,33,東京,52,B1,4.65,26.6,0.0,0.0,34.84,36.87
183,2020-09-06宮　島第８回トータリゼータエンジニアリング杯11R,6,3522,6.75,3,長溝一生,52,佐賀,52,A2,6.25,47.37,5.34,36.21,23.89,32.72
184,2020-09-06宮　島第８回トータリゼータエンジニアリング杯12R,2,4523,6.78,2,中村辰也,32,長崎,52,A2,6.18,50.0,5.93,40.0,29.86,27.57
185,2020-09-06宮　島第８回トータリゼータエンジニアリング杯12R,3,4424,6.73,3,松尾昂明,35,福岡,51,A2,6.18,48.53,6.27,43.24,38.57,31.96
186,2020-09-06宮　島第８回トータリゼータエンジニアリング杯12R,4,3952,6.81,4,中澤和志,44,埼玉,53,A1,6.82,46.77,6.38,52.38,34.26,31.51
187,2020-09-06宮　島第８回トータリゼータエンジニアリング杯12R,5,3910,6.76,6,松下知幸,46,香川,50,B1,4.52,24.0,4.1,30.0,38.81,23.83
188,2020-09-06宮　島第８回トータリゼータエンジニアリング杯12R,6,3912,6.71,5,川原正明,46,福井,50,A1,6.05,39.84,6.57,54.76,29.27,31.16
189,2020-09-06児　島日刊スポーツ杯1R,1,3600,6.85,4,玄馬　徹,50,岡山,48,B1,4.6,29.41,4.51,28.0,44.3,27.47
190,2020-09-06児　島日刊スポーツ杯1R,2,4085,6.82,1,荻野裕介,40,東京,51,A2,5.99,44.21,4.73,18.18,32.9,38.46
191,2020-09-06児　島日刊スポーツ杯1R,3,5058,6.87,5,前原大道,23,岡山,51,B1,3.4,13.43,3.34,10.47,32.65,37.5
192,2020-09-06児　島日刊スポーツ杯1R,4,4234,6.86,6,野相弘司,36,福岡,58,B1,5.09,33.33,5.11,38.89,40.4,26.0
193,2020-09-06児　島日刊スポーツ杯1R,5,4664,6.91,3,東口　晃,37,福井,53,B1,4.4,26.97,3.84,5.26,30.2,39.47
194,2020-09-06児　島日刊スポーツ杯1R,6,3456,6.88,2,松下　潤,49,徳島,54,B1,3.97,15.63,4.67,33.33,29.8,32.0
195,2020-09-06児　島日刊スポーツ杯2R,1,4054,6.79,1,福嶋智之,42,岡山,54,B1,4.81,27.96,4.9,22.0,30.13,38.46
196,2020-09-06児　島日刊スポーツ杯2R,2,4533,6.8,4,峰重侑治,31,岡山,53,B1,4.97,29.41,5.58,37.5,25.49,36.52
197,2020-09-06児　島日刊スポーツ杯2R,3,5102,6.9,6,原田雄次,22,福岡,50,B2,1.44,0.0,1.0,0.0,30.38,26.6
198,2020-09-06児　島日刊スポーツ杯2R,4,3951,6.86,3,石川吉鎬,44,大阪,57,B1,5.42,33.72,4.97,23.08,35.0,24.0
199,2020-09-06児　島日刊スポーツ杯3R,1,4105,6.9,5,松下直也,40,兵庫,52,A2,5.42,29.84,5.33,32.65,31.79,40.57
200,2020-09-06児　島日刊スポーツ杯3R,2,4167,6.89,4,片岡秀樹,38,徳島,58,B1,4.31,22.02,4.21,18.42,44.12,39.85
201,2020-09-06児　島日刊スポーツ杯3R,3,3022,6.91,6,西山昇一,59,愛知,52,A1,6.38,42.28,6.02,40.38,21.33,41.13
202,2020-09-06児　島日刊スポーツ杯3R,4,4226,6.87,2,村田浩司,38,山口,53,B1,4.77,25.97,4.77,28.57,48.23,21.74
203,2020-09-06児　島日刊スポーツ杯3R,5,4656,6.85,1,大崎　翔,33,兵庫,55,B1,5.24,34.67,5.5,32.14,32.43,20.21
204,2020-09-06児　島日刊スポーツ杯3R,6,4948,6.96,3,木場悠介,27,長崎,52,B1,3.96,14.0,3.8,10.0,31.17,33.33
205,2020-09-06児　島日刊スポーツ杯4R,1,3617,7.01,3,竹田広樹,47,佐賀,55,B1,4.4,26.37,4.68,36.84,36.11,35.77
206,2020-09-06児　島日刊スポーツ杯4R,2,4264,7.21,1,長尾章平,35,山口,52,B2,4.77,28.95,6.46,43.24,30.2,33.59
207,2020-09-06児　島日刊スポーツ杯4R,3,3581,7.12,4,加木　郁,47,山口,51,A2,4.46,22.33,4.63,21.05,35.53,35.14
208,2020-09-06児　島日刊スポーツ杯4R,4,4084,7.09,6,杉山正樹,40,愛知,56,A1,7.03,51.91,8.1,60.0,37.09,31.58
209,2020-09-06児　島日刊スポーツ杯4R,5,4003,7.15,2,表　憲一,42,福井,53,B1,5.74,34.69,5.45,40.0,27.89,36.13
210,2020-09-06児　島日刊スポーツ杯4R,6,3186,7.1,5,沖　悟　,60,大阪,53,B1,4.44,23.66,4.15,23.91,40.82,40.32
211,2020-09-06児　島日刊スポーツ杯5R,1,3616,7.05,4,中村　真,47,福岡,54,A2,5.95,44.83,4.53,18.75,24.82,39.37
212,2020-09-06児　島日刊スポーツ杯5R,2,4618,7.0,1,乃村康友,37,三重,53,A2,5.53,33.65,0.0,0.0,25.0,26.88
213,2020-09-06児　島日刊スポーツ杯5R,3,3788,7.06,3,一宮稔弘,48,徳島,53,A1,6.98,53.27,7.3,60.47,34.23,33.66
214,2020-09-06児　島日刊スポーツ杯5R,4,3424,7.04,5,松浦　努,54,岡山,55,B1,3.03,13.16,4.78,29.73,32.21,31.43
215,2020-09-06児　島日刊スポーツ杯5R,5,4043,7.06,6,桐本康臣,41,三重,55,A1,5.92,44.07,5.73,38.78,32.24,37.5
216,2020-09-06児　島日刊スポーツ杯5R,6,4234,7.06,2,野相弘司,36,福岡,58,B1,5.09,33.33,5.11,38.89,40.4,26.0
217,2020-09-06児　島日刊スポーツ杯6R,1,4092,7.05,2,岡部大輔,39,佐賀,52,A2,6.45,49.09,5.22,36.73,20.74,31.71
218,2020-09-06児　島日刊スポーツ杯6R,2,4287,7.15,3,今井貴士,36,福岡,56,A1,6.78,55.88,5.57,35.71,30.41,30.21
219,2020-09-06児　島日刊スポーツ杯6R,3,3951,7.13,6,石川吉鎬,44,大阪,57,B1,5.42,33.72,4.97,23.08,35.0,24.0
220,2020-09-06児　島日刊スポーツ杯6R,4,3656,7.09,1,伯母芳恒,46,東京,54,A2,5.66,38.3,6.55,36.36,38.41,37.1
221,2020-09-06児　島日刊スポーツ杯6R,5,3883,7.14,4,山根大樹,46,広島,55,B1,3.7,15.05,4.22,20.0,27.4,29.67
222,2020-09-06児　島日刊スポーツ杯6R,6,3600,7.09,5,玄馬　徹,50,岡山,48,B1,4.6,29.41,4.51,28.0,44.3,27.47
223,2020-09-06児　島日刊スポーツ杯7R,1,4409,6.93,3,坂元浩仁,34,愛知,55,A2,6.2,49.48,5.46,46.15,44.0,33.05
224,2020-09-06児　島日刊スポーツ杯7R,2,3787,6.99,4,天野　誠,48,岡山,53,A2,4.88,28.57,5.75,42.62,37.09,25.53
225,2020-09-06児　島日刊スポーツ杯7R,3,3716,6.97,5,石渡鉄兵,45,東京,53,A1,7.28,53.57,7.36,50.0,33.77,41.59
226,2020-09-06児　島日刊スポーツ杯7R,4,3456,6.92,6,松下　潤,49,徳島,54,B1,3.97,15.63,4.67,33.33,29.8,32.0
227,2020-09-06児　島日刊スポーツ杯7R,5,4167,6.84,2,片岡秀樹,38,徳島,58,B1,4.31,22.02,4.21,18.42,44.12,39.85
228,2020-09-06児　島日刊スポーツ杯8R,1,3736,7.03,6,岡本　猛,46,大阪,52,A2,5.15,29.17,6.25,40.0,23.49,31.68
229,2020-09-06児　島日刊スポーツ杯8R,2,3200,6.98,3,熊谷直樹,55,東京,52,A1,5.84,40.0,7.67,71.43,37.41,35.38
230,2020-09-06児　島日刊スポーツ杯8R,3,4533,6.91,2,峰重侑治,31,岡山,53,B1,4.97,29.41,5.58,37.5,25.49,36.52
231,2020-09-06児　島日刊スポーツ杯8R,4,3584,7.11,5,佐々木英,47,広島,53,A2,5.47,39.5,5.65,30.0,33.11,33.02
232,2020-09-06児　島日刊スポーツ杯8R,5,4226,6.97,1,村田浩司,38,山口,53,B1,4.77,25.97,4.77,28.57,48.23,21.74
233,2020-09-06児　島日刊スポーツ杯8R,6,5095,7.03,4,小原聡将,26,東京,51,B1,2.99,5.0,0.0,0.0,33.55,26.88
234,2020-09-06児　島日刊スポーツ杯9R,1,3616,6.98,1,中村　真,47,福岡,54,A2,5.95,44.83,4.53,18.75,24.82,39.37
235,2020-09-06児　島日刊スポーツ杯9R,2,4054,6.99,3,福嶋智之,42,岡山,54,B1,4.81,27.96,4.9,22.0,30.13,38.46
236,2020-09-06児　島日刊スポーツ杯9R,3,4656,7.06,5,大崎　翔,33,兵庫,55,B1,5.24,34.67,5.5,32.14,32.43,20.21
237,2020-09-06児　島日刊スポーツ杯9R,4,3833,6.97,4,中辻博訓,46,福井,55,A1,6.49,53.1,5.94,47.06,46.71,27.08
238,2020-09-06児　島日刊スポーツ杯9R,5,3186,7.05,2,沖　悟　,60,大阪,53,B1,4.44,23.66,4.15,23.91,40.82,40.32
239,2020-09-06児　島日刊スポーツ杯9R,6,4664,7.09,6,東口　晃,37,福井,53,B1,4.4,26.97,3.84,5.26,30.2,39.47
240,2020-09-06児　島日刊スポーツ杯10R,1,3581,6.99,3,加木　郁,47,山口,51,A2,4.46,22.33,4.63,21.05,35.53,35.14
241,2020-09-06児　島日刊スポーツ杯10R,2,4474,6.95,1,渡辺　崇,32,福岡,55,A2,5.31,34.69,4.85,23.91,36.05,31.73
242,2020-09-06児　島日刊スポーツ杯10R,3,3362,6.97,5,間嶋仁志,51,三重,54,A1,6.73,52.34,5.91,34.38,21.71,36.36
243,2020-09-06児　島日刊スポーツ杯10R,4,5058,6.94,4,前原大道,23,岡山,51,B1,3.4,13.43,3.34,10.47,32.65,37.5
244,2020-09-06児　島日刊スポーツ杯10R,5,4948,6.9,2,木場悠介,27,長崎,52,B1,3.96,14.0,3.8,10.0,31.17,33.33
245,2020-09-06児　島日刊スポーツ杯10R,6,4092,6.94,6,岡部大輔,39,佐賀,52,A2,6.45,49.09,5.22,36.73,20.74,31.71
246,2020-09-06児　島日刊スポーツ杯11R,1,4287,6.9,1,今井貴士,36,福岡,56,A1,6.78,55.88,5.57,35.71,30.41,30.21
247,2020-09-06児　島日刊スポーツ杯11R,2,4618,6.88,3,乃村康友,37,三重,53,A2,5.53,33.65,0.0,0.0,25.0,26.88
248,2020-09-06児　島日刊スポーツ杯11R,3,4105,6.96,2,松下直也,40,兵庫,52,A2,5.42,29.84,5.33,32.65,31.79,40.57
249,2020-09-06児　島日刊スポーツ杯11R,4,4264,6.97,4,長尾章平,35,山口,52,B2,4.77,28.95,6.46,43.24,30.2,33.59
250,2020-09-06児　島日刊スポーツ杯11R,5,4409,6.96,6,坂元浩仁,34,愛知,55,A2,6.2,49.48,5.46,46.15,44.0,33.05
251,2020-09-06児　島日刊スポーツ杯11R,6,4085,6.98,5,荻野裕介,40,東京,51,A2,5.99,44.21,4.73,18.18,32.9,38.46
252,2020-09-06児　島日刊スポーツ杯12R,1,3833,7.0,1,中辻博訓,46,福井,55,A1,6.49,53.1,5.94,47.06,46.71,27.08
253,2020-09-06児　島日刊スポーツ杯12R,2,3716,6.92,3,石渡鉄兵,45,東京,53,A1,7.28,53.57,7.36,50.0,33.77,41.59
254,2020-09-06児　島日刊スポーツ杯12R,3,4043,7.06,5,桐本康臣,41,三重,55,A1,5.92,44.07,5.73,38.78,32.24,37.5
255,2020-09-06児　島日刊スポーツ杯12R,4,3736,7.03,2,岡本　猛,46,大阪,52,A2,5.15,29.17,6.25,40.0,23.49,31.68
256,2020-09-06児　島日刊スポーツ杯12R,5,3656,7.07,4,伯母芳恒,46,東京,54,A2,5.66,38.3,6.55,36.36,38.41,37.1
257,2020-09-06児　島日刊スポーツ杯12R,6,3617,7.0,6,竹田広樹,47,佐賀,55,B1,4.4,26.37,4.68,36.84,36.11,35.77
258,2020-09-06鳴　門第１８回オロナミンＣカップ競走1R,1,4297,6.71,1,山田哲也,37,東京,51,A1,7.21,60.98,3.44,11.11,29.29,30.23
259,2020-09-06鳴　門第１８回オロナミンＣカップ競走1R,2,4383,6.86,3,竹田吉行,35,徳島,51,B1,5.45,32.08,6.05,37.78,39.33,45.36
260,2020-09-06鳴　門第１８回オロナミンＣカップ競走1R,3,3890,6.73,2,小宮淳史,44,岡山,54,B1,5.61,36.17,6.14,48.65,30.77,41.67
261,2020-09-06鳴　門第１８回オロナミンＣカップ競走1R,4,4228,6.83,5,吉田慎二,37,愛知,58,B1,4.9,32.67,5.29,42.86,36.25,31.18
262,2020-09-06鳴　門第１８回オロナミンＣカップ競走1R,5,3294,6.76,4,野中義生,55,静岡,54,B1,4.47,21.84,5.06,31.25,46.75,34.88
263,2020-09-06鳴　門第１８回オロナミンＣカップ競走1R,6,4274,6.81,6,長畑友輔,38,東京,50,B1,4.81,25.26,5.64,36.36,33.68,36.63
264,2020-09-06鳴　門第１８回オロナミンＣカップ競走2R,1,4839,6.85,4,四宮与寛,30,徳島,51,B1,5.58,39.47,5.78,40.59,29.9,38.0
265,2020-09-06鳴　門第１８回オロナミンＣカップ競走2R,2,3822,6.76,1,平尾崇典,47,岡山,49,A1,7.71,62.04,7.28,61.54,35.8,35.42
266,2020-09-06鳴　門第１８回オロナミンＣカップ競走2R,3,3940,6.85,2,飯山　泰,42,東京,52,A1,6.18,44.34,6.92,47.37,36.73,32.04
267,2020-09-06鳴　門第１８回オロナミンＣカップ競走2R,4,3687,6.84,6,花田和明,50,愛知,52,A2,5.38,34.25,6.62,52.38,35.71,33.33
268,2020-09-06鳴　門第１８回オロナミンＣカップ競走2R,5,4241,6.81,3,大串重幸,35,長崎,54,B1,4.73,26.88,5.69,37.5,47.75,39.08
269,2020-09-06鳴　門第１８回オロナミンＣカップ競走3R,1,3711,6.74,1,江本真治,46,山口,52,A2,5.96,36.84,6.13,34.78,44.71,38.46
270,2020-09-06鳴　門第１８回オロナミンＣカップ競走3R,2,4831,6.73,2,羽野直也,25,福岡,54,A1,7.05,51.67,6.42,42.11,50.57,49.45
271,2020-09-06鳴　門第１８回オロナミンＣカップ競走3R,3,3896,6.81,5,上田洋平,44,滋賀,50,B1,5.71,33.82,5.1,30.77,34.04,35.64
272,2020-09-06鳴　門第１８回オロナミンＣカップ競走3R,4,3761,6.84,3,山本光雄,48,滋賀,54,B1,5.61,36.13,6.41,52.94,42.06,43.4
273,2020-09-06鳴　門第１８回オロナミンＣカップ競走3R,5,3820,6.86,6,樫葉次郎,48,徳島,57,B1,4.76,25.29,4.81,26.28,43.68,40.63
274,2020-09-06鳴　門第１８回オロナミンＣカップ競走3R,6,4037,6.79,4,別府正幸,41,埼玉,53,A2,5.89,35.16,5.28,27.59,34.29,38.0
275,2020-09-06鳴　門第１８回オロナミンＣカップ競走4R,1,4276,6.73,1,鈴木勝博,37,愛知,53,A1,6.97,58.33,7.92,83.33,20.22,31.25
276,2020-09-06鳴　門第１８回オロナミンＣカップ競走4R,2,3619,6.86,2,長谷川充,46,群馬,52,B1,5.28,31.13,5.16,28.0,21.98,39.36
277,2020-09-06鳴　門第１８回オロナミンＣカップ競走4R,3,4063,6.76,3,市橋卓士,40,徳島,55,A1,6.85,52.71,7.14,54.89,34.0,30.68
278,2020-09-06鳴　門第１８回オロナミンＣカップ競走4R,4,4356,6.81,4,長岡良也,36,兵庫,51,A1,7.14,56.76,6.77,50.0,35.87,32.99
279,2020-09-06鳴　門第１８回オロナミンＣカップ競走4R,5,4985,6.78,5,井本昌也,23,山口,50,B1,4.21,22.58,3.93,20.0,44.32,34.09
280,2020-09-06鳴　門第１８回オロナミンＣカップ競走4R,6,4603,6.74,6,谷川将太,32,長崎,53,B1,4.37,25.37,4.78,22.22,31.03,32.26
281,2020-09-06鳴　門第１８回オロナミンＣカップ競走5R,1,4052,6.8,6,興津　藍,39,徳島,50,A1,7.82,62.04,7.38,53.7,38.27,31.73
282,2020-09-06鳴　門第１８回オロナミンＣカップ競走5R,2,3563,6.79,1,堤　昇　,50,静岡,52,A2,5.67,36.52,5.43,35.71,37.63,37.36
283,2020-09-06鳴　門第１８回オロナミンＣカップ競走5R,3,3159,6.88,5,江口晃生,55,群馬,52,A1,7.56,63.64,1.75,0.0,28.28,44.0
284,2020-09-06鳴　門第１８回オロナミンＣカップ競走5R,4,3998,6.76,4,冨成謙児,41,佐賀,53,B1,4.81,24.77,4.95,31.58,35.11,43.16
285,2020-09-06鳴　門第１８回オロナミンＣカップ競走5R,5,3934,6.76,2,鋤柄貴俊,43,愛知,52,B1,5.14,29.11,4.73,36.36,43.75,38.3
286,2020-09-06鳴　門第１８回オロナミンＣカップ競走5R,6,4020,6.87,3,川上清人,40,香川,63,B1,4.85,32.97,4.31,25.71,36.47,32.58
287,2020-09-06鳴　門第１８回オロナミンＣカップ競走6R,1,4030,6.77,2,森高一真,42,香川,50,A1,7.16,50.91,6.26,38.89,40.63,40.23
288,2020-09-06鳴　門第１８回オロナミンＣカップ競走6R,2,4839,6.69,1,四宮与寛,30,徳島,51,B1,5.58,39.47,5.78,40.59,29.9,38.0
289,2020-09-06鳴　門第１８回オロナミンＣカップ競走6R,3,4379,6.75,6,桑島和宏,36,東京,56,B1,6.06,41.12,7.0,52.94,34.62,33.33
290,2020-09-06鳴　門第１８回オロナミンＣカップ競走6R,4,4121,6.76,3,富永修一,38,福岡,51,B1,5.36,35.14,4.83,33.33,45.88,38.95
291,2020-09-06鳴　門第１８回オロナミンＣカップ競走6R,5,3713,6.8,4,伊藤誠二,45,愛知,53,A1,6.63,50.83,6.17,50.0,33.72,32.94
292,2020-09-06鳴　門第１８回オロナミンＣカップ競走6R,6,3566,6.78,5,川添英正,50,福岡,52,A2,5.03,30.0,6.47,47.06,35.16,32.95
293,2020-09-06鳴　門第１８回オロナミンＣカップ競走7R,1,4297,6.79,4,山田哲也,37,東京,51,A1,7.21,60.98,3.44,11.11,29.29,30.23
294,2020-09-06鳴　門第１８回オロナミンＣカップ競走7R,2,5068,6.8,2,前田　滉,20,愛知,49,B1,5.1,28.81,4.88,29.41,39.22,31.33
295,2020-09-06鳴　門第１８回オロナミンＣカップ競走7R,3,3350,6.79,6,藤本佳史,52,山口,52,A2,5.33,35.8,6.34,53.13,46.25,40.48
296,2020-09-06鳴　門第１８回オロナミンＣカップ競走7R,4,4887,6.8,1,富澤祐作,33,群馬,56,B1,4.33,25.37,4.57,42.86,33.73,37.37
297,2020-09-06鳴　門第１８回オロナミンＣカップ競走7R,5,4365,6.8,5,盛本真輔,34,兵庫,52,B1,5.47,34.02,4.5,25.0,37.23,35.11
298,2020-09-06鳴　門第１８回オロナミンＣカップ競走8R,1,3902,6.84,2,蜷川哲平,43,東京,56,A1,6.23,42.17,4.96,32.14,34.29,31.68
299,2020-09-06鳴　門第１８回オロナミンＣカップ競走8R,2,4649,6.85,6,和田操拓,36,滋賀,50,A2,5.58,35.38,5.5,50.0,29.82,34.48
300,2020-09-06鳴　門第１８回オロナミンＣカップ競走8R,3,3619,6.92,5,長谷川充,46,群馬,52,B1,5.28,31.13,5.16,28.0,21.98,39.36
301,2020-09-06鳴　門第１８回オロナミンＣカップ競走8R,4,4274,6.91,3,長畑友輔,38,東京,50,B1,4.81,25.26,5.64,36.36,33.68,36.63
302,2020-09-06鳴　門第１８回オロナミンＣカップ競走8R,5,3822,6.89,4,平尾崇典,47,岡山,49,A1,7.71,62.04,7.28,61.54,35.8,35.42
303,2020-09-06鳴　門第１８回オロナミンＣカップ競走9R,1,4276,6.8,4,鈴木勝博,37,愛知,53,A1,6.97,58.33,7.92,83.33,20.22,31.25
304,2020-09-06鳴　門第１８回オロナミンＣカップ競走9R,2,3563,6.88,5,堤　昇　,50,静岡,52,A2,5.67,36.52,5.43,35.71,37.63,37.36
305,2020-09-06鳴　門第１８回オロナミンＣカップ競走9R,3,3687,6.9,3,花田和明,50,愛知,52,A2,5.38,34.25,6.62,52.38,35.71,33.33
306,2020-09-06鳴　門第１８回オロナミンＣカップ競走9R,4,4383,6.82,1,竹田吉行,35,徳島,51,B1,5.45,32.08,6.05,37.78,39.33,45.36
307,2020-09-06鳴　門第１８回オロナミンＣカップ競走9R,5,4661,6.84,6,中島昂章,28,佐賀,50,B1,4.69,19.79,4.42,16.67,44.34,29.03
308,2020-09-06鳴　門第１８回オロナミンＣカップ競走9R,6,3820,6.9,2,樫葉次郎,48,徳島,57,B1,4.76,25.29,4.81,26.28,43.68,40.63
309,2020-09-06鳴　門第１８回オロナミンＣカップ競走10R,1,3940,6.86,3,飯山　泰,42,東京,52,A1,6.18,44.34,6.92,47.37,36.73,32.04
310,2020-09-06鳴　門第１８回オロナミンＣカップ競走10R,2,4379,6.86,4,桑島和宏,36,東京,56,B1,6.06,41.12,7.0,52.94,34.62,33.33
311,2020-09-06鳴　門第１８回オロナミンＣカップ競走10R,3,4037,6.93,5,別府正幸,41,埼玉,53,A2,5.89,35.16,5.28,27.59,34.29,38.0
312,2020-09-06鳴　門第１８回オロナミンＣカップ競走10R,4,3998,6.81,6,冨成謙児,41,佐賀,53,B1,4.81,24.77,4.95,31.58,35.11,43.16
313,2020-09-06鳴　門第１８回オロナミンＣカップ競走10R,5,4171,6.87,2,榎　幸司,37,長崎,52,A2,6.64,48.76,6.88,54.17,31.03,32.95
314,2020-09-06鳴　門第１８回オロナミンＣカップ競走10R,6,4985,6.85,1,井本昌也,23,山口,50,B1,4.21,22.58,3.93,20.0,44.32,34.09
315,2020-09-06鳴　門第１８回オロナミンＣカップ競走11R,1,3713,6.93,2,伊藤誠二,45,愛知,53,A1,6.63,50.83,6.17,50.0,33.72,32.94
316,2020-09-06鳴　門第１８回オロナミンＣカップ競走11R,2,4356,6.88,3,長岡良也,36,兵庫,51,A1,7.14,56.76,6.77,50.0,35.87,32.99
317,2020-09-06鳴　門第１８回オロナミンＣカップ競走11R,3,3990,6.87,1,芹澤克彦,41,静岡,51,A2,5.87,38.79,5.95,43.18,35.85,41.3
318,2020-09-06鳴　門第１８回オロナミンＣカップ競走11R,4,3934,6.89,6,鋤柄貴俊,43,愛知,52,B1,5.14,29.11,4.73,36.36,43.75,38.3
319,2020-09-06鳴　門第１８回オロナミンＣカップ競走11R,5,3711,6.95,5,江本真治,46,山口,52,A2,5.96,36.84,6.13,34.78,44.71,38.46
320,2020-09-06鳴　門第１８回オロナミンＣカップ競走11R,6,3890,6.93,4,小宮淳史,44,岡山,54,B1,5.61,36.17,6.14,48.65,30.77,41.67
321,2020-09-06鳴　門第１８回オロナミンＣカップ競走12R,1,3159,6.8,1,江口晃生,55,群馬,52,A1,7.56,63.64,1.75,0.0,28.28,44.0
322,2020-09-06鳴　門第１８回オロナミンＣカップ競走12R,2,4063,6.84,6,市橋卓士,40,徳島,55,A1,6.85,52.71,7.14,54.89,34.0,30.68
323,2020-09-06鳴　門第１８回オロナミンＣカップ競走12R,3,4831,6.79,5,羽野直也,25,福岡,54,A1,7.05,51.67,6.42,42.11,50.57,49.45
324,2020-09-06鳴　門第１８回オロナミンＣカップ競走12R,4,3350,6.86,4,藤本佳史,52,山口,52,A2,5.33,35.8,6.34,53.13,46.25,40.48
325,2020-09-06鳴　門第１８回オロナミンＣカップ競走12R,5,4649,6.89,2,和田操拓,36,滋賀,50,A2,5.58,35.38,5.5,50.0,29.82,34.48
326,2020-09-06鳴　門第１８回オロナミンＣカップ競走12R,6,3566,6.83,3,川添英正,50,福岡,52,A2,5.03,30.0,6.47,47.06,35.16,32.95
327,2020-09-06住之江第４８回高松宮記念特別競走1R,1,4468,6.78,1,大池佑来,33,東京,51,A1,6.93,52.73,5.64,36.36,25.0,30.12
328,2020-09-06住之江第４８回高松宮記念特別競走1R,2,4397,6.79,2,西村拓也,33,大阪,52,A1,7.48,58.21,7.37,55.56,31.25,35.0
329,2020-09-06住之江第４８回高松宮記念特別競走1R,3,4042,6.84,3,丸岡正典,41,大阪,51,A1,6.25,39.62,6.91,49.42,23.91,30.48
330,2020-09-06住之江第４８回高松宮記念特別競走1R,4,4324,6.75,6,海野康志,32,山口,61,A1,6.22,40.74,6.45,39.62,27.08,29.47
331,2020-09-06住之江第４８回高松宮記念特別競走1R,5,4074,6.8,5,柳沢　一,39,愛知,51,A1,6.65,40.94,6.14,23.81,44.68,32.41
332,2020-09-06住之江第４８回高松宮記念特別競走1R,6,4584,6.83,4,村岡賢人,30,岡山,52,A1,6.39,43.52,6.36,45.45,43.27,34.48
333,2020-09-06住之江第４８回高松宮記念特別競走2R,1,4578,6.82,2,藤山雅弘,31,大阪,52,A1,6.59,50.42,6.25,43.42,43.43,41.0
334,2020-09-06住之江第４８回高松宮記念特別競走2R,2,4659,6.81,3,木下翔太,29,大阪,53,A1,6.91,43.75,7.65,54.09,42.55,34.41
335,2020-09-06住之江第４８回高松宮記念特別競走2R,3,3590,6.87,4,濱野谷憲,46,東京,56,A1,7.63,56.0,7.58,47.17,26.04,38.61
336,2020-09-06住之江第４８回高松宮記念特別競走2R,4,3941,6.85,6,池田浩二,42,愛知,53,A1,7.41,46.15,7.05,36.59,28.71,40.0
337,2020-09-06住之江第４８回高松宮記念特別競走2R,5,4437,6.84,1,中田元泰,34,香川,55,A1,6.19,44.66,7.33,61.9,31.68,37.0
338,2020-09-06住之江第４８回高松宮記念特別競走2R,6,4136,6.87,5,江夏　満,40,福岡,53,A1,7.17,50.43,6.82,50.0,39.58,45.83
339,2020-09-06住之江第４８回高松宮記念特別競走3R,1,3826,6.83,2,村田修次,47,東京,53,A1,6.91,55.2,6.58,48.39,18.48,34.07
340,2020-09-06住之江第４８回高松宮記念特別競走3R,2,4024,6.74,3,井口佳典,43,三重,51,A1,7.88,57.5,7.88,48.53,30.85,35.71
341,2020-09-06住之江第４８回高松宮記念特別競走3R,3,3557,6.84,6,太田和美,47,大阪,53,A1,7.22,52.13,7.03,53.9,20.0,42.39
342,2020-09-06住之江第４８回高松宮記念特別競走3R,4,4362,6.73,1,土屋智則,35,群馬,51,A1,6.79,51.59,6.35,35.0,34.62,41.3
343,2020-09-06住之江第４８回高松宮記念特別競走3R,5,3959,6.71,5,坪井康晴,42,静岡,53,A1,7.4,53.04,7.53,48.98,35.0,40.0
344,2020-09-06住之江第４８回高松宮記念特別競走3R,6,4682,6.86,4,大上卓人,30,広島,52,A1,6.91,54.37,7.5,70.0,38.38,28.0
345,2020-09-06住之江第４８回高松宮記念特別競走4R,1,3854,6.77,3,吉川元浩,47,兵庫,51,A1,7.39,53.47,6.94,42.17,31.58,34.26
346,2020-09-06住之江第４８回高松宮記念特別競走4R,2,3415,6.77,5,松井　繁,50,大阪,51,A1,7.86,56.78,7.8,61.11,29.67,35.63
347,2020-09-06住之江第４８回高松宮記念特別競走4R,3,4754,6.82,2,松尾　充,32,三重,50,A1,6.35,51.75,5.41,31.03,23.86,34.91
348,2020-09-06住之江第４８回高松宮記念特別競走4R,4,4352,6.76,1,下條雄太,34,長崎,51,A1,7.11,55.83,6.85,42.42,14.47,39.56
349,2020-09-06住之江第４８回高松宮記念特別競走4R,5,4040,6.79,6,廣瀬将亨,41,兵庫,54,A1,6.47,49.19,6.06,27.78,40.0,27.91
350,2020-09-06住之江第４８回高松宮記念特別競走4R,6,3514,6.8,4,山一鉄也,53,福岡,51,A1,7.14,56.2,6.22,44.44,41.24,29.21
351,2020-09-06住之江第４８回高松宮記念特別競走5R,1,4832,6.73,1,権藤俊光,33,大阪,53,A1,6.6,42.98,6.3,40.3,27.06,26.92
352,2020-09-06住之江第４８回高松宮記念特別競走5R,2,4739,6.83,3,中村晃朋,28,香川,51,A1,5.49,36.78,6.64,46.15,31.25,28.57
353,2020-09-06住之江第４８回高松宮記念特別競走5R,3,3779,6.76,2,原田幸哉,44,長崎,52,A1,6.41,41.07,6.73,40.82,28.87,30.11
354,2020-09-06住之江第４８回高松宮記念特別競走5R,4,4524,6.75,6,深谷知博,32,静岡,51,A1,7.22,59.85,6.8,52.17,35.35,39.05
355,2020-09-06住之江第４８回高松宮記念特別競走5R,5,4477,6.85,4,篠崎仁志,32,福岡,54,A1,8.06,59.05,7.26,45.28,39.36,36.78
356,2020-09-06住之江第４８回高松宮記念特別競走5R,6,4908,6.79,5,上田龍星,25,大阪,51,A1,6.71,51.04,5.94,41.61,38.24,38.89
357,2020-09-06住之江第４８回高松宮記念特別競走6R,1,4586,6.8,1,磯部　誠,29,愛知,54,A1,8.06,63.16,7.3,43.48,37.63,38.71
358,2020-09-06住之江第４８回高松宮記念特別競走6R,2,4044,6.77,2,湯川浩司,40,大阪,51,A1,7.26,44.29,7.67,56.32,32.99,29.9
359,2020-09-06住之江第４８回高松宮記念特別競走6R,3,4013,6.82,6,中島孝平,40,福井,51,A1,7.85,62.6,6.82,42.42,41.67,36.47
360,2020-09-06住之江第４８回高松宮記念特別競走6R,4,4262,6.82,5,馬場貴也,36,滋賀,53,A1,7.76,53.78,7.15,43.28,31.63,40.43
361,2020-09-06住之江第４８回高松宮記念特別競走6R,5,4760,6.85,3,山崎　郡,30,大阪,51,A1,6.53,46.51,6.71,51.5,33.33,35.05
362,2020-09-06住之江第４８回高松宮記念特別競走6R,6,4468,6.86,4,大池佑来,33,東京,51,A1,6.93,52.73,5.64,36.36,25.0,30.12
363,2020-09-06住之江第４８回高松宮記念特別競走7R,1,4682,6.81,2,大上卓人,30,広島,52,A1,6.91,54.37,7.5,70.0,38.38,28.0
364,2020-09-06住之江第４８回高松宮記念特別競走7R,2,4238,6.82,5,毒島　誠,36,群馬,52,A1,7.69,53.49,7.98,51.02,45.1,31.0
365,2020-09-06住之江第４８回高松宮記念特別競走7R,3,3968,6.83,3,茶谷信次,44,滋賀,52,A1,6.0,39.29,6.35,45.0,26.14,36.17
366,2020-09-06住之江第４８回高松宮記念特別競走7R,4,3795,6.78,6,金子龍介,47,兵庫,51,A1,7.17,59.66,7.25,75.0,31.68,31.31
367,2020-09-06住之江第４８回高松宮記念特別競走7R,5,4497,6.8,1,桑原　悠,33,長崎,51,A1,6.48,42.57,6.69,36.11,50.0,36.49
368,2020-09-06住之江第４８回高松宮記念特別競走7R,6,4578,6.87,4,藤山雅弘,31,大阪,52,A1,6.59,50.42,6.25,43.42,43.43,41.0
369,2020-09-06住之江第４８回高松宮記念特別競走8R,1,3590,6.89,1,濱野谷憲,46,東京,56,A1,7.63,56.0,7.58,47.17,26.04,38.61
370,2020-09-06住之江第４８回高松宮記念特別競走8R,2,3388,6.93,2,今垣光太,50,福井,51,A1,7.11,44.92,7.21,41.51,35.79,33.33
371,2020-09-06住之江第４８回高松宮記念特別競走8R,3,3557,6.92,4,太田和美,47,大阪,53,A1,7.22,52.13,7.03,53.9,20.0,42.39
372,2020-09-06住之江第４８回高松宮記念特別競走8R,4,3933,6.81,3,山地正樹,44,岡山,53,A1,7.12,54.26,6.43,46.43,63.27,33.98
373,2020-09-06住之江第４８回高松宮記念特別競走8R,5,4361,6.85,5,柳生泰二,35,山口,52,A1,6.56,50.91,6.35,52.94,25.29,33.71
374,2020-09-06住之江第４８回高松宮記念特別競走8R,6,4584,6.86,6,村岡賢人,30,岡山,52,A1,6.39,43.52,6.36,45.45,43.27,34.48
375,2020-09-06住之江第４８回高松宮記念特別競走9R,1,4566,6.83,1,塩田北斗,32,福岡,53,A1,7.65,62.5,4.63,12.5,43.14,42.31
376,2020-09-06住之江第４８回高松宮記念特別競走9R,2,4033,6.7,3,伊藤将吉,41,静岡,52,A1,6.37,49.57,5.44,38.89,56.25,27.85
377,2020-09-06住之江第４８回高松宮記念特別競走9R,3,3941,6.87,4,池田浩二,42,愛知,53,A1,7.41,46.15,7.05,36.59,28.71,40.0
378,2020-09-06住之江第４８回高松宮記念特別競走9R,4,4352,6.84,2,下條雄太,34,長崎,51,A1,7.11,55.83,6.85,42.42,14.47,39.56
379,2020-09-06住之江第４８回高松宮記念特別競走9R,5,3920,6.91,5,正木聖賢,45,広島,51,A1,5.82,38.89,6.0,37.5,39.6,35.11
380,2020-09-06住之江第４８回高松宮記念特別競走9R,6,4427,6.82,6,秦　英悟,34,大阪,51,A1,7.27,60.0,6.25,47.33,35.29,37.0
381,2020-09-06住之江第４８回高松宮記念特別競走10R,1,4148,6.8,1,枝尾　賢,38,福岡,50,A1,7.13,55.83,7.12,56.9,39.58,27.17
382,2020-09-06住之江第４８回高松宮記念特別競走10R,2,3415,6.72,3,松井　繁,50,大阪,51,A1,7.86,56.78,7.8,61.11,29.67,35.63
383,2020-09-06住之江第４８回高松宮記念特別競走10R,3,4659,6.84,2,木下翔太,29,大阪,53,A1,6.91,43.75,7.65,54.09,42.55,34.41
384,2020-09-06住之江第４８回高松宮記念特別競走10R,4,4362,6.8,5,土屋智則,35,群馬,51,A1,6.79,51.59,6.35,35.0,34.62,41.3
385,2020-09-06住之江第４８回高松宮記念特別競走10R,5,3573,6.81,4,前本泰和,48,広島,51,A1,8.35,67.59,7.63,33.33,46.39,44.9
386,2020-09-06住之江第４８回高松宮記念特別競走10R,6,4227,6.88,6,安達裕樹,37,三重,52,A1,7.02,51.24,3.0,0.0,26.97,29.47
387,2020-09-06住之江第４８回高松宮記念特別競走11R,1,3959,6.76,1,坪井康晴,42,静岡,53,A1,7.4,53.04,7.53,48.98,35.0,40.0
388,2020-09-06住之江第４８回高松宮記念特別競走11R,2,4074,6.83,3,柳沢　一,39,愛知,51,A1,6.65,40.94,6.14,23.81,44.68,32.41
389,2020-09-06住之江第４８回高松宮記念特別競走11R,3,4477,6.87,6,篠崎仁志,32,福岡,54,A1,8.06,59.05,7.26,45.28,39.36,36.78
390,2020-09-06住之江第４８回高松宮記念特別競走11R,4,4040,6.85,5,廣瀬将亨,41,兵庫,54,A1,6.47,49.19,6.06,27.78,40.0,27.91
391,2020-09-06住之江第４８回高松宮記念特別競走11R,5,4262,6.85,4,馬場貴也,36,滋賀,53,A1,7.76,53.78,7.15,43.28,31.63,40.43
392,2020-09-06住之江第４８回高松宮記念特別競走11R,6,4061,6.88,2,萩原秀人,41,福井,54,A1,7.44,51.33,7.76,49.21,33.0,37.25
393,2020-09-06住之江第４８回高松宮記念特別競走12R,1,3388,6.8,1,今垣光太,50,福井,51,A1,7.11,44.92,7.21,41.51,35.79,33.33
394,2020-09-06住之江第４８回高松宮記念特別競走12R,2,4238,6.73,3,毒島　誠,36,群馬,52,A1,7.69,53.49,7.98,51.02,45.1,31.0
395,2020-09-06住之江第４８回高松宮記念特別競走12R,3,3779,6.83,4,原田幸哉,44,長崎,52,A1,6.41,41.07,6.73,40.82,28.87,30.11
396,2020-09-06住之江第４８回高松宮記念特別競走12R,4,4024,6.9,6,井口佳典,43,三重,51,A1,7.88,57.5,7.88,48.53,30.85,35.71
397,2020-09-06住之江第４８回高松宮記念特別競走12R,5,3854,6.82,5,吉川元浩,47,兵庫,51,A1,7.39,53.47,6.94,42.17,31.58,34.26
398,2020-09-06住之江第４８回高松宮記念特別競走12R,6,4013,6.88,2,中島孝平,40,福井,51,A1,7.85,62.6,6.82,42.42,41.67,36.47
399,2020-09-06琵琶湖第７回中日スポーツ杯1R,1,4139,6.87,4,丹下　健,39,愛知,55,B1,5.0,29.63,5.03,31.03,38.81,40.32
400,2020-09-06琵琶湖第７回中日スポーツ杯1R,2,4434,6.86,1,田中辰彦,34,広島,53,A2,5.87,38.83,5.18,22.73,23.21,45.16
401,2020-09-06琵琶湖第７回中日スポーツ杯1R,3,4508,6.92,6,野間大樹,31,大阪,50,B2,4.31,27.78,4.17,20.69,29.23,48.28
402,2020-09-06琵琶湖第７回中日スポーツ杯1R,4,4421,6.87,2,森作広大,32,東京,56,B1,4.43,21.33,4.63,21.05,31.51,52.73
403,2020-09-06琵琶湖第７回中日スポーツ杯1R,5,3793,6.86,3,高橋真吾,47,埼玉,55,B1,4.97,33.33,0.0,0.0,43.55,30.36
404,2020-09-06琵琶湖第７回中日スポーツ杯1R,6,3058,6.89,5,原　義昭,62,岡山,55,B1,3.06,6.12,3.79,21.05,40.3,11.63
405,2020-09-06琵琶湖第７回中日スポーツ杯2R,1,3882,6.86,4,新田智彰,47,大阪,56,A2,5.6,41.05,5.24,32.76,22.92,25.93
406,2020-09-06琵琶湖第７回中日スポーツ杯2R,2,3877,6.85,1,松浦博人,43,東京,56,A2,4.8,25.24,5.55,30.0,34.33,36.36
407,2020-09-06琵琶湖第７回中日スポーツ杯2R,3,4441,6.75,2,末永由楽,34,岡山,54,A1,6.02,42.15,5.84,34.69,41.79,35.48
408,2020-09-06琵琶湖第７回中日スポーツ杯2R,4,3819,6.92,3,大内裕樹,48,滋賀,54,B1,3.53,15.0,3.34,12.09,37.84,23.4
409,2020-09-06琵琶湖第７回中日スポーツ杯2R,5,3567,6.9,5,吉岡　誠,50,山口,56,B1,4.54,25.0,4.25,25.0,20.69,22.92
410,2020-09-06琵琶湖第７回中日スポーツ杯2R,6,5007,6.83,6,近藤雄一,23,東京,57,B1,2.62,3.08,0.0,0.0,45.83,32.69
411,2020-09-06琵琶湖第７回中日スポーツ杯3R,1,3054,6.72,4,北川幸典,57,広島,57,A2,5.79,44.71,7.0,47.83,57.33,27.69
412,2020-09-06琵琶湖第７回中日スポーツ杯3R,2,3813,6.79,5,佐藤大介,44,愛知,53,A1,6.42,46.9,6.59,47.83,44.12,31.03
413,2020-09-06琵琶湖第７回中日スポーツ杯3R,3,5017,6.76,2,澤田尚也,21,滋賀,52,B1,5.05,26.56,4.24,17.79,17.07,26.92
414,2020-09-06琵琶湖第７回中日スポーツ杯3R,4,3569,6.78,1,増田　進,49,東京,53,B1,4.37,25.77,5.07,20.69,32.39,34.92
415,2020-09-06琵琶湖第７回中日スポーツ杯3R,5,4089,6.82,3,妹尾忠幸,40,岡山,54,A2,6.08,37.08,7.5,58.33,31.34,31.58
416,2020-09-06琵琶湖第７回中日スポーツ杯3R,6,5014,6.76,6,梶山涼斗,22,佐賀,52,B1,3.93,14.61,0.0,0.0,14.52,37.5
417,2020-09-06琵琶湖第７回中日スポーツ杯4R,1,4522,6.67,3,古澤光紀,32,福岡,53,A1,6.99,57.02,0.0,0.0,34.67,33.33
418,2020-09-06琵琶湖第７回中日スポーツ杯4R,2,3582,6.77,5,吉川昭男,47,滋賀,51,A1,6.03,40.63,7.24,60.13,25.0,38.33
419,2020-09-06琵琶湖第７回中日スポーツ杯4R,3,3868,6.7,4,尾形栄治,45,東京,53,A2,5.65,36.67,0.0,0.0,34.38,42.67
420,2020-09-06琵琶湖第７回中日スポーツ杯4R,4,4325,6.71,2,新出浩司,37,大阪,53,A2,5.66,38.68,4.17,27.78,37.1,46.27
421,2020-09-06琵琶湖第７回中日スポーツ杯4R,5,4724,6.78,1,吉田祐貴,34,佐賀,51,B1,4.73,27.38,4.29,14.29,44.26,27.87
422,2020-09-06琵琶湖第７回中日スポーツ杯4R,6,5126,6.76,6,山下大輝,24,兵庫,51,B2,1.72,1.35,1.5,0.0,39.71,31.75
423,2020-09-06琵琶湖第７回中日スポーツ杯5R,1,3961,6.75,1,谷村一哉,41,山口,54,A1,7.01,50.75,6.84,43.75,30.56,41.07
424,2020-09-06琵琶湖第７回中日スポーツ杯5R,2,3659,6.79,2,藤生雄人,45,群馬,54,A2,5.82,40.91,6.23,45.61,55.56,31.82
425,2020-09-06琵琶湖第７回中日スポーツ杯5R,3,4674,6.74,3,池田剛規,33,福岡,51,B1,4.76,29.27,4.44,20.0,17.74,29.69
426,2020-09-06琵琶湖第７回中日スポーツ杯5R,4,4508,6.73,4,野間大樹,31,大阪,50,B2,4.31,27.78,4.17,20.69,29.23,48.28
427,2020-09-06琵琶湖第７回中日スポーツ杯5R,5,4422,6.81,5,永井亮次,32,大阪,54,B1,4.09,18.67,5.61,39.47,30.3,36.36
428,2020-09-06琵琶湖第７回中日スポーツ杯5R,6,3036,6.79,6,吉本正昭,62,山口,58,B1,4.61,30.56,7.17,75.0,21.67,22.0
429,2020-09-06琵琶湖第７回中日スポーツ杯6R,1,3564,6.8,3,桑原　啓,50,福岡,53,B1,4.52,22.22,4.63,25.93,33.82,26.42
430,2020-09-06琵琶湖第７回中日スポーツ杯6R,2,4633,6.89,5,森　智也,31,兵庫,50,B1,5.06,27.54,5.4,37.78,31.67,33.96
431,2020-09-06琵琶湖第７回中日スポーツ杯6R,3,3058,6.96,1,原　義昭,62,岡山,55,B1,3.06,6.12,3.79,21.05,40.3,11.63
432,2020-09-06琵琶湖第７回中日スポーツ杯6R,4,4766,6.85,4,石井孝之,29,群馬,52,B1,4.16,24.1,4.7,20.0,29.09,29.23
433,2020-09-06琵琶湖第７回中日スポーツ杯6R,5,2876,6.84,6,鈴木幸夫,63,愛知,50,A1,6.66,54.69,5.5,40.0,18.03,25.0
434,2020-09-06琵琶湖第７回中日スポーツ杯6R,6,5007,6.98,2,近藤雄一,23,東京,57,B1,2.62,3.08,0.0,0.0,45.83,32.69
435,2020-09-06琵琶湖第７回中日スポーツ杯7R,1,3808,7.03,1,秋田健太,45,埼玉,61,B1,4.04,16.18,3.97,23.68,10.2,33.33
436,2020-09-06琵琶湖第７回中日スポーツ杯7R,2,4106,7.07,4,坂井康嗣,40,佐賀,52,A2,5.64,37.04,5.15,15.38,17.54,37.74
437,2020-09-06琵琶湖第７回中日スポーツ杯7R,3,4256,7.18,5,渡辺浩司,36,福岡,51,A1,7.19,57.48,8.33,80.95,31.88,16.28
438,2020-09-06琵琶湖第７回中日スポーツ杯7R,4,4363,7.05,6,大野芳顕,35,福岡,53,A1,6.28,46.28,5.18,27.27,29.41,18.75
439,2020-09-06琵琶湖第７回中日スポーツ杯7R,5,4560,7.09,2,庄司樹良,29,東京,54,B1,4.55,23.08,4.61,35.48,25.37,37.5
440,2020-09-06琵琶湖第７回中日スポーツ杯7R,6,4421,6.98,3,森作広大,32,東京,56,B1,4.43,21.33,4.63,21.05,31.51,52.73
441,2020-09-06琵琶湖第７回中日スポーツ杯8R,1,3882,6.85,1,新田智彰,47,大阪,56,A2,5.6,41.05,5.24,32.76,22.92,25.93
442,2020-09-06琵琶湖第７回中日スポーツ杯8R,2,3251,6.95,2,平石和男,54,埼玉,51,A2,6.02,36.36,6.8,51.43,35.71,43.75
443,2020-09-06琵琶湖第７回中日スポーツ杯8R,3,3553,6.84,5,平池仁志,48,香川,53,B1,4.51,24.24,5.8,45.0,40.85,47.46
444,2020-09-06琵琶湖第７回中日スポーツ杯8R,4,4594,7.02,3,谷川祐一,38,滋賀,51,A2,6.58,51.97,6.16,49.63,18.03,18.75
445,2020-09-06琵琶湖第７回中日スポーツ杯8R,5,4543,6.92,4,重木輝彦,32,兵庫,48,A2,6.25,36.89,5.5,40.91,22.58,28.33
446,2020-09-06琵琶湖第７回中日スポーツ杯8R,6,5126,6.91,6,山下大輝,24,兵庫,51,B2,1.72,1.35,1.5,0.0,39.71,31.75
447,2020-09-06琵琶湖第７回中日スポーツ杯9R,1,3813,6.88,1,佐藤大介,44,愛知,53,A1,6.42,46.9,6.59,47.83,44.12,31.03
448,2020-09-06琵琶湖第７回中日スポーツ杯9R,2,3868,6.91,2,尾形栄治,45,東京,53,A2,5.65,36.67,0.0,0.0,34.38,42.67
449,2020-09-06琵琶湖第７回中日スポーツ杯9R,3,4434,6.92,4,田中辰彦,34,広島,53,A2,5.87,38.83,5.18,22.73,23.21,45.16
450,2020-09-06琵琶湖第７回中日スポーツ杯9R,4,3819,6.91,6,大内裕樹,48,滋賀,54,B1,3.53,15.0,3.34,12.09,37.84,23.4
451,2020-09-06琵琶湖第７回中日スポーツ杯9R,5,4633,6.94,3,森　智也,31,兵庫,50,B1,5.06,27.54,5.4,37.78,31.67,33.96
452,2020-09-06琵琶湖第７回中日スポーツ杯9R,6,3961,6.93,5,谷村一哉,41,山口,54,A1,7.01,50.75,6.84,43.75,30.56,41.07
453,2020-09-06琵琶湖第７回中日スポーツ杯10R,1,4441,6.75,4,末永由楽,34,岡山,54,A1,6.02,42.15,5.84,34.69,41.79,35.48
454,2020-09-06琵琶湖第７回中日スポーツ杯10R,2,4363,6.79,3,大野芳顕,35,福岡,53,A1,6.28,46.28,5.18,27.27,29.41,18.75
455,2020-09-06琵琶湖第７回中日スポーツ杯10R,3,3793,6.74,2,高橋真吾,47,埼玉,55,B1,4.97,33.33,0.0,0.0,43.55,30.36
456,2020-09-06琵琶湖第７回中日スポーツ杯10R,4,4089,6.83,1,妹尾忠幸,40,岡山,54,A2,6.08,37.08,7.5,58.33,31.34,31.58
457,2020-09-06琵琶湖第７回中日スポーツ杯10R,5,4766,6.78,5,石井孝之,29,群馬,52,B1,4.16,24.1,4.7,20.0,29.09,29.23
458,2020-09-06琵琶湖第７回中日スポーツ杯10R,6,4325,6.87,6,新出浩司,37,大阪,53,A2,5.66,38.68,4.17,27.78,37.1,46.27
459,2020-09-06琵琶湖第７回中日スポーツ杯11R,1,4522,6.74,1,古澤光紀,32,福岡,53,A1,6.99,57.02,0.0,0.0,34.67,33.33
460,2020-09-06琵琶湖第７回中日スポーツ杯11R,2,4256,6.97,2,渡辺浩司,36,福岡,51,A1,7.19,57.48,8.33,80.95,31.88,16.28
461,2020-09-06琵琶湖第７回中日スポーツ杯11R,3,3251,7.0,6,平石和男,54,埼玉,51,A2,6.02,36.36,6.8,51.43,35.71,43.75
462,2020-09-06琵琶湖第７回中日スポーツ杯11R,4,3659,6.91,3,藤生雄人,45,群馬,54,A2,5.82,40.91,6.23,45.61,55.56,31.82
463,2020-09-06琵琶湖第７回中日スポーツ杯11R,5,3877,6.87,4,松浦博人,43,東京,56,A2,4.8,25.24,5.55,30.0,34.33,36.36
464,2020-09-06琵琶湖第７回中日スポーツ杯11R,6,3054,6.9,5,北川幸典,57,広島,57,A2,5.79,44.71,7.0,47.83,57.33,27.69
465,2020-09-06琵琶湖第７回中日スポーツ杯12R,1,3808,6.93,4,秋田健太,45,埼玉,61,B1,4.04,16.18,3.97,23.68,10.2,33.33
466,2020-09-06琵琶湖第７回中日スポーツ杯12R,2,3553,6.81,2,平池仁志,48,香川,53,B1,4.51,24.24,5.8,45.0,40.85,47.46
467,2020-09-06琵琶湖第７回中日スポーツ杯12R,3,3564,6.74,5,桑原　啓,50,福岡,53,B1,4.52,22.22,4.63,25.93,33.82,26.42
468,2020-09-06琵琶湖第７回中日スポーツ杯12R,4,3582,6.78,1,吉川昭男,47,滋賀,51,A1,6.03,40.63,7.24,60.13,25.0,38.33
469,2020-09-06琵琶湖第７回中日スポーツ杯12R,5,4674,6.75,6,池田剛規,33,福岡,51,B1,4.76,29.27,4.44,20.0,17.74,29.69
470,2020-09-06琵琶湖第７回中日スポーツ杯12R,6,5014,6.86,3,梶山涼斗,22,佐賀,52,B1,3.93,14.61,0.0,0.0,14.52,37.5
471,2020-09-06三　国越前コシヒカリ収穫祭レース1R,1,4261,6.64,1,岡　祐臣,36,三重,54,A1,6.5,45.38,6.89,52.63,42.31,30.21
472,2020-09-06三　国越前コシヒカリ収穫祭レース1R,2,3643,6.74,3,米田隆弘,48,岡山,54,B1,5.11,27.5,5.3,20.0,25.25,28.57
473,2020-09-06三　国越前コシヒカリ収穫祭レース1R,3,5059,6.8,5,冨田　祥,23,香川,51,B2,1.88,0.0,0.0,0.0,34.65,32.04
474,2020-09-06三　国越前コシヒカリ収穫祭レース1R,4,4813,6.78,4,宮内直哉,30,東京,52,B1,3.67,21.57,4.4,10.0,20.69,34.65
475,2020-09-06三　国越前コシヒカリ収穫祭レース1R,5,4520,6.6,2,高倉孝太,33,福井,49,B1,5.35,36.36,5.3,32.84,32.35,30.39
476,2020-09-06三　国越前コシヒカリ収穫祭レース1R,6,3804,6.68,6,中渡修作,46,福岡,54,B1,5.23,30.3,6.78,55.56,20.48,38.61
477,2020-09-06三　国越前コシヒカリ収穫祭レース2R,1,3443,6.77,4,森　秋光,51,岡山,55,B1,5.34,34.95,4.98,26.42,34.29,28.57
478,2020-09-06三　国越前コシヒカリ収穫祭レース2R,2,4401,6.65,1,小林　泰,35,東京,54,A1,5.98,45.19,4.36,27.27,25.29,26.26
479,2020-09-06三　国越前コシヒカリ収穫祭レース2R,3,3814,6.72,2,金子貴志,44,福井,50,A2,5.83,38.46,5.85,37.21,34.31,29.41
480,2020-09-06三　国越前コシヒカリ収穫祭レース2R,4,4021,6.71,3,吉田健太,40,愛知,52,B1,5.0,34.74,4.34,26.32,20.78,29.41
481,2020-09-06三　国越前コシヒカリ収穫祭レース2R,5,3392,6.69,6,小森信雄,55,三重,53,B1,4.62,23.46,4.0,14.29,22.58,27.06
482,2020-09-06三　国越前コシヒカリ収穫祭レース2R,6,4727,6.72,5,安部慎一,33,福岡,52,B1,4.05,19.8,3.19,12.5,31.73,14.77
483,2020-09-06三　国越前コシヒカリ収穫祭レース3R,1,3070,6.74,1,山室展弘,59,岡山,51,A2,5.46,41.03,8.75,87.5,32.04,35.29
484,2020-09-06三　国越前コシヒカリ収穫祭レース3R,2,4836,6.78,5,大谷健太,31,埼玉,51,B1,5.44,37.5,4.5,25.0,33.96,40.0
485,2020-09-06三　国越前コシヒカリ収穫祭レース3R,3,3872,6.74,3,岡田憲行,44,大阪,54,A1,6.41,48.31,6.86,58.93,29.9,29.59
486,2020-09-06三　国越前コシヒカリ収穫祭レース3R,4,4343,6.79,4,村岡　賢,35,広島,55,B1,4.27,21.79,5.0,26.67,40.19,26.21
487,2020-09-06三　国越前コシヒカリ収穫祭レース3R,5,2538,6.75,2,高橋二朗,71,東京,51,B1,4.58,19.3,3.94,15.15,27.72,27.72
488,2020-09-06三　国越前コシヒカリ収穫祭レース3R,6,3419,6.78,6,栗原謙治,50,群馬,56,B1,4.17,19.44,0.0,0.0,24.21,36.0
489,2020-09-06三　国越前コシヒカリ収穫祭レース4R,1,3874,6.67,1,山本寛久,44,岡山,52,A1,6.85,47.27,6.36,41.03,35.29,28.57
490,2020-09-06三　国越前コシヒカリ収穫祭レース4R,2,4260,6.73,3,中越博紀,36,香川,54,A1,5.76,38.26,6.05,42.11,28.09,36.0
491,2020-09-06三　国越前コシヒカリ収穫祭レース4R,3,4460,6.72,6,後藤翔之,34,東京,53,A2,6.55,49.4,7.16,59.38,32.67,40.4
492,2020-09-06三　国越前コシヒカリ収穫祭レース4R,4,3295,6.74,2,濱村芳宏,54,徳島,54,B2,4.4,25.0,5.91,39.39,29.89,23.0
493,2020-09-06三　国越前コシヒカリ収穫祭レース4R,5,4637,6.8,4,中田友也,30,埼玉,56,B1,4.63,19.57,5.28,27.78,27.84,26.47
494,2020-09-06三　国越前コシヒカリ収穫祭レース4R,6,5006,6.7,5,久保原秀,23,群馬,56,B1,2.68,12.28,5.29,42.86,33.33,35.24
495,2020-09-06三　国越前コシヒカリ収穫祭レース5R,1,4266,6.66,3,長田頼宗,35,東京,52,A1,6.9,42.86,6.73,34.62,29.91,44.66
496,2020-09-06三　国越前コシヒカリ収穫祭レース5R,2,3409,6.74,1,三好　一,51,福井,54,B1,4.75,32.35,5.17,33.77,29.13,25.81
497,2020-09-06三　国越前コシヒカリ収穫祭レース5R,3,3442,6.71,4,宮武英司,51,香川,54,A2,5.69,36.13,5.07,28.57,21.95,23.08
498,2020-09-06三　国越前コシヒカリ収穫祭レース5R,4,4292,6.81,6,麻生慎介,35,広島,50,A2,5.33,34.57,6.22,29.63,29.9,29.29
499,2020-09-06三　国越前コシヒカリ収穫祭レース5R,5,5009,6.69,5,大賀龍之,23,福岡,55,B1,3.15,14.71,3.78,0.0,36.7,15.05
500,2020-09-06三　国越前コシヒカリ収穫祭レース5R,6,4038,6.78,2,田中健太,41,岡山,58,B1,3.14,14.0,4.44,24.0,24.42,32.58
501,2020-09-06三　国越前コシヒカリ収穫祭レース6R,1,3893,6.82,1,汐崎正則,44,愛知,55,B1,5.55,34.58,4.19,16.22,26.53,39.0
502,2020-09-06三　国越前コシヒカリ収穫祭レース6R,2,4520,6.68,4,高倉孝太,33,福井,49,B1,5.35,36.36,5.3,32.84,32.35,30.39
503,2020-09-06三　国越前コシヒカリ収穫祭レース6R,3,4959,6.71,3,井上忠政,24,大阪,53,A2,6.38,44.76,4.86,33.93,28.13,17.35
504,2020-09-06三　国越前コシヒカリ収穫祭レース6R,4,3873,6.86,2,別府昌樹,44,広島,52,A2,6.39,46.73,5.55,45.45,29.52,40.82
505,2020-09-06三　国越前コシヒカリ収穫祭レース6R,5,3743,6.75,6,林　美憲,45,徳島,52,A1,6.55,51.91,7.19,55.81,39.42,37.14
506,2020-09-06三　国越前コシヒカリ収穫祭レース6R,6,5130,6.76,5,上野拓馬,22,三重,54,B2,1.54,2.56,0.0,0.0,32.71,29.59
507,2020-09-06三　国越前コシヒカリ収穫祭レース7R,1,3655,6.7,2,本橋克洋,46,群馬,55,A2,5.32,30.77,4.96,32.0,34.86,34.0
508,2020-09-06三　国越前コシヒカリ収穫祭レース7R,2,3443,6.74,1,森　秋光,51,岡山,55,B1,5.34,34.95,4.98,26.42,34.29,28.57
509,2020-09-06三　国越前コシヒカリ収穫祭レース7R,3,3885,6.73,5,久田　武,46,愛知,53,A2,5.47,38.71,5.38,37.5,32.69,20.21
510,2020-09-06三　国越前コシヒカリ収穫祭レース7R,4,5029,6.69,3,中　亮太,23,福岡,52,B1,3.86,18.64,0.0,0.0,24.51,39.58
511,2020-09-06三　国越前コシヒカリ収穫祭レース7R,5,3290,6.78,6,倉谷和信,56,大阪,52,A1,6.44,48.57,6.79,55.88,36.61,29.17
512,2020-09-06三　国越前コシヒカリ収穫祭レース7R,6,5059,6.72,4,冨田　祥,23,香川,51,B2,1.88,0.0,0.0,0.0,34.65,32.04
513,2020-09-06三　国越前コシヒカリ収穫祭レース8R,1,4544,6.8,2,松田大志,32,福岡,51,A1,7.73,67.18,8.11,77.78,22.62,39.22
514,2020-09-06三　国越前コシヒカリ収穫祭レース8R,2,4637,6.85,1,中田友也,30,埼玉,56,B1,4.63,19.57,5.28,27.78,27.84,26.47
515,2020-09-06三　国越前コシヒカリ収穫祭レース8R,3,3708,6.9,4,岡部貴司,46,岡山,56,A2,5.17,28.0,6.22,45.65,21.98,33.98
516,2020-09-06三　国越前コシヒカリ収穫祭レース8R,4,4818,6.9,5,伏見俊介,29,東京,55,A2,5.21,28.13,7.0,70.0,23.53,40.4
517,2020-09-06三　国越前コシヒカリ収穫祭レース8R,5,3419,6.89,3,栗原謙治,50,群馬,56,B1,4.17,19.44,0.0,0.0,24.21,36.0
518,2020-09-06三　国越前コシヒカリ収穫祭レース8R,6,4021,6.88,6,吉田健太,40,愛知,52,B1,5.0,34.74,4.34,26.32,20.78,29.41
519,2020-09-06三　国越前コシヒカリ収穫祭レース9R,1,3986,6.75,2,沖島広和,42,福岡,55,A2,5.81,41.0,6.53,44.74,28.57,22.62
520,2020-09-06三　国越前コシヒカリ収穫祭レース9R,2,4401,6.75,4,小林　泰,35,東京,54,A1,5.98,45.19,4.36,27.27,25.29,26.26
521,2020-09-06三　国越前コシヒカリ収穫祭レース9R,3,4343,6.88,1,村岡　賢,35,広島,55,B1,4.27,21.79,5.0,26.67,40.19,26.21
522,2020-09-06三　国越前コシヒカリ収穫祭レース9R,4,4109,6.84,5,谷津幸宏,40,埼玉,53,A2,5.64,40.43,6.0,50.0,27.78,36.63
523,2020-09-06三　国越前コシヒカリ収穫祭レース9R,5,3643,6.84,6,米田隆弘,48,岡山,54,B1,5.11,27.5,5.3,20.0,25.25,28.57
524,2020-09-06三　国越前コシヒカリ収穫祭レース10R,1,3872,6.9,1,岡田憲行,44,大阪,54,A1,6.41,48.31,6.86,58.93,29.9,29.59
525,2020-09-06三　国越前コシヒカリ収穫祭レース10R,2,3814,6.93,4,金子貴志,44,福井,50,A2,5.83,38.46,5.85,37.21,34.31,29.41
526,2020-09-06三　国越前コシヒカリ収穫祭レース10R,3,4460,6.82,2,後藤翔之,34,東京,53,A2,6.55,49.4,7.16,59.38,32.67,40.4
527,2020-09-06三　国越前コシヒカリ収穫祭レース10R,4,3873,6.9,6,別府昌樹,44,広島,52,A2,6.39,46.73,5.55,45.45,29.52,40.82
528,2020-09-06三　国越前コシヒカリ収穫祭レース10R,5,3804,6.88,3,中渡修作,46,福岡,54,B1,5.23,30.3,6.78,55.56,20.48,38.61
529,2020-09-06三　国越前コシヒカリ収穫祭レース10R,6,4038,6.97,5,田中健太,41,岡山,58,B1,3.14,14.0,4.44,24.0,24.42,32.58
530,2020-09-06三　国越前コシヒカリ収穫祭レース11R,1,4260,6.87,1,中越博紀,36,香川,54,A1,5.76,38.26,6.05,42.11,28.09,36.0
531,2020-09-06三　国越前コシヒカリ収穫祭レース11R,2,3070,6.87,4,山室展弘,59,岡山,51,A2,5.46,41.03,8.75,87.5,32.04,35.29
532,2020-09-06三　国越前コシヒカリ収穫祭レース11R,3,4959,6.84,6,井上忠政,24,大阪,53,A2,6.38,44.76,4.86,33.93,28.13,17.35
533,2020-09-06三　国越前コシヒカリ収穫祭レース11R,4,4292,6.97,3,麻生慎介,35,広島,50,A2,5.33,34.57,6.22,29.63,29.9,29.29
534,2020-09-06三　国越前コシヒカリ収穫祭レース11R,5,3655,6.87,5,本橋克洋,46,群馬,55,A2,5.32,30.77,4.96,32.0,34.86,34.0
535,2020-09-06三　国越前コシヒカリ収穫祭レース11R,6,4813,6.87,2,宮内直哉,30,東京,52,B1,3.67,21.57,4.4,10.0,20.69,34.65
536,2020-09-06三　国越前コシヒカリ収穫祭レース12R,1,4266,6.81,1,長田頼宗,35,東京,52,A1,6.9,42.86,6.73,34.62,29.91,44.66
537,2020-09-06三　国越前コシヒカリ収穫祭レース12R,2,3290,6.86,2,倉谷和信,56,大阪,52,A1,6.44,48.57,6.79,55.88,36.61,29.17
538,2020-09-06三　国越前コシヒカリ収穫祭レース12R,3,3874,6.82,4,山本寛久,44,岡山,52,A1,6.85,47.27,6.36,41.03,35.29,28.57
539,2020-09-06三　国越前コシヒカリ収穫祭レース12R,4,4261,6.75,5,岡　祐臣,36,三重,54,A1,6.5,45.38,6.89,52.63,42.31,30.21
540,2020-09-06三　国越前コシヒカリ収穫祭レース12R,5,4544,6.72,6,松田大志,32,福岡,51,A1,7.73,67.18,8.11,77.78,22.62,39.22
541,2020-09-06三　国越前コシヒカリ収穫祭レース12R,6,3743,6.85,3,林　美憲,45,徳島,52,A1,6.55,51.91,7.19,55.81,39.42,37.14
542,2020-09-06　津　津インクル開設９周年記念レース1R,1,4102,6.99,1,益田啓司,41,福岡,52,A1,6.94,54.81,5.3,40.54,0.0,33.02
543,2020-09-06　津　津インクル開設９周年記念レース1R,2,4420,7.01,2,津久井拓,32,群馬,54,B1,4.95,24.51,3.11,10.53,0.0,39.01
544,2020-09-06　津　津インクル開設９周年記念レース1R,3,4995,6.94,6,田邉亮蔵,29,東京,56,B1,3.76,15.49,1.63,5.71,0.0,31.82
545,2020-09-06　津　津インクル開設９周年記念レース1R,4,5039,7.09,3,倉田茂将,22,愛知,55,B1,3.54,18.84,1.64,3.57,0.0,33.33
546,2020-09-06　津　津インクル開設９周年記念レース1R,5,5065,7.01,4,伊久間陽,22,群馬,51,B1,2.78,6.25,2.33,11.11,0.0,32.71
547,2020-09-06　津　津インクル開設９周年記念レース1R,6,5137,6.92,5,川原　涼,20,愛知,54,B2,1.33,0.0,0.0,0.0,0.0,34.06
548,2020-09-06　津　津インクル開設９周年記念レース2R,1,4949,6.91,6,横田貴満,27,佐賀,51,B1,4.39,21.25,0.0,0.0,0.0,32.08
549,2020-09-06　津　津インクル開設９周年記念レース2R,2,4669,6.99,3,井上　茂,35,福岡,52,B1,4.53,20.59,5.06,31.25,0.0,41.96
550,2020-09-06　津　津インクル開設９周年記念レース2R,3,5020,7.05,1,宮村勇哉,28,三重,55,B1,2.28,1.49,1.74,2.47,0.0,29.25
551,2020-09-06　津　津インクル開設９周年記念レース2R,4,3578,7.11,5,塩田雄一,47,香川,50,B1,4.65,29.06,3.0,11.11,0.0,40.61
552,2020-09-06　津　津インクル開設９周年記念レース2R,5,4271,7.01,2,川崎公靖,38,広島,51,B1,4.7,26.8,5.22,33.33,0.0,35.62
553,2020-09-06　津　津インクル開設９周年記念レース2R,6,5135,7.07,4,仲　航太,20,東京,52,B2,1.79,2.56,0.0,0.0,0.0,30.43
554,2020-09-06　津　津インクル開設９周年記念レース3R,1,4112,6.93,4,大久保信,40,佐賀,52,A2,6.08,40.83,4.85,23.08,0.0,27.75
555,2020-09-06　津　津インクル開設９周年記念レース3R,2,3517,7.04,5,高橋　勲,52,東京,60,A1,5.59,38.61,4.75,33.33,0.0,42.73
556,2020-09-06　津　津インクル開設９周年記念レース3R,3,4545,7.0,6,岡村慶太,32,福岡,54,A1,6.69,45.54,6.78,44.44,0.0,34.47
557,2020-09-06　津　津インクル開設９周年記念レース3R,4,4152,7.0,2,深水慎一,40,東京,54,A2,4.64,18.87,5.04,25.93,0.0,33.81
558,2020-09-06　津　津インクル開設９周年記念レース3R,5,3982,7.01,1,福田　理,42,岡山,55,B1,5.22,30.14,4.5,31.25,0.0,35.21
559,2020-09-06　津　津インクル開設９周年記念レース3R,6,4128,7.09,3,川口貴久,40,東京,56,B1,4.59,28.13,1.5,0.0,0.0,36.36
560,2020-09-06　津　津インクル開設９周年記念レース4R,1,4237,6.95,3,大峯　豊,36,山口,54,A1,6.26,50.0,6.71,47.06,0.0,36.12
561,2020-09-06　津　津インクル開設９周年記念レース4R,2,4558,6.99,1,宮野　仁,30,岡山,55,B1,5.41,35.42,0.0,0.0,0.0,35.29
562,2020-09-06　津　津インクル開設９周年記念レース4R,3,3931,6.98,5,黒崎竜也,44,三重,50,A2,4.83,26.6,6.22,44.44,0.0,32.24
563,2020-09-06　津　津インクル開設９周年記念レース4R,4,3532,7.02,2,柴田　光,48,群馬,54,A1,6.19,46.61,6.83,57.69,0.0,29.14
564,2020-09-06　津　津インクル開設９周年記念レース4R,5,3705,6.99,6,濱田隆浩,46,大阪,54,B1,4.74,25.53,5.31,38.46,0.0,28.44
565,2020-09-06　津　津インクル開設９周年記念レース4R,6,3919,6.95,4,村上　純,45,岡山,51,A2,6.03,42.72,5.69,43.59,0.0,36.71
566,2020-09-06　津　津インクル開設９周年記念レース5R,1,4064,6.9,1,原田篤志,40,山口,52,A1,6.69,49.12,5.83,35.0,0.0,32.88
567,2020-09-06　津　津インクル開設９周年記念レース5R,2,3712,6.98,2,淺香文武,46,三重,56,B1,5.36,37.86,6.2,47.76,0.0,30.43
568,2020-09-06　津　津インクル開設９周年記念レース5R,3,4683,6.97,3,向井田直,29,広島,48,B1,5.21,34.29,2.22,11.11,0.0,36.64
569,2020-09-06　津　津インクル開設９周年記念レース5R,4,4953,6.92,6,尾上雅也,25,埼玉,54,B1,4.42,26.42,2.42,12.5,0.0,40.09
570,2020-09-06　津　津インクル開設９周年記念レース5R,5,5137,6.99,4,川原　涼,20,愛知,54,B2,1.33,0.0,0.0,0.0,0.0,34.06
571,2020-09-06　津　津インクル開設９周年記念レース5R,6,3433,7.06,5,諏訪忠宏,52,埼玉,56,B1,3.14,13.04,4.15,11.54,0.0,38.12
572,2020-09-06　津　津インクル開設９周年記念レース6R,1,4949,6.83,3,横田貴満,27,佐賀,51,B1,4.39,21.25,0.0,0.0,0.0,32.08
573,2020-09-06　津　津インクル開設９周年記念レース6R,2,4430,6.93,6,永田秀二,34,東京,56,A1,6.41,46.43,6.74,52.38,0.0,29.29
574,2020-09-06　津　津インクル開設９周年記念レース6R,3,4156,6.96,5,浜野孝志,39,三重,57,A2,5.89,40.98,6.02,44.63,0.0,35.94
575,2020-09-06　津　津インクル開設９周年記念レース6R,4,4179,6.87,2,広次　修,37,山口,51,A2,5.73,39.84,5.78,41.46,0.0,35.12
576,2020-09-06　津　津インクル開設９周年記念レース6R,5,4943,6.88,1,八木治樹,29,愛知,52,B1,4.5,25.64,4.88,32.0,0.0,31.82
577,2020-09-06　津　津インクル開設９周年記念レース6R,6,5112,6.93,4,砂長知輝,20,埼玉,53,B2,3.11,1.79,1.63,0.0,0.0,35.32
578,2020-09-06　津　津インクル開設９周年記念レース7R,1,4431,6.97,2,石塚裕介,34,三重,53,B1,4.8,33.33,5.66,36.79,0.0,41.36
579,2020-09-06　津　津インクル開設９周年記念レース7R,2,3463,6.94,1,乙津康志,53,東京,51,A2,5.25,35.87,0.0,0.0,0.0,33.78
580,2020-09-06　津　津インクル開設９周年記念レース7R,3,4102,6.92,3,益田啓司,41,福岡,52,A1,6.94,54.81,5.3,40.54,0.0,33.02
581,2020-09-06　津　津インクル開設９周年記念レース7R,4,4319,7.01,4,三宅　潤,35,大阪,56,A2,5.85,40.32,5.13,29.17,0.0,34.42
582,2020-09-06　津　津インクル開設９周年記念レース7R,5,4036,6.94,5,金田　諭,41,埼玉,51,A1,6.79,52.88,5.09,9.09,0.0,38.33
583,2020-09-06　津　津インクル開設９周年記念レース7R,6,5135,7.04,6,仲　航太,20,東京,52,B2,1.79,2.56,0.0,0.0,0.0,30.43
584,2020-09-06　津　津インクル開設９周年記念レース8R,1,4140,7.07,2,梶野学志,39,東京,51,A1,6.95,57.43,6.31,42.86,0.0,38.89
585,2020-09-06　津　津インクル開設９周年記念レース8R,2,4271,6.97,1,川崎公靖,38,広島,51,B1,4.7,26.8,5.22,33.33,0.0,35.62
586,2020-09-06　津　津インクル開設９周年記念レース8R,3,3977,7.0,4,山本兼士,43,大阪,52,A2,4.86,29.41,4.97,33.33,0.0,32.75
587,2020-09-06　津　津インクル開設９周年記念レース8R,4,4152,7.02,3,深水慎一,40,東京,54,A2,4.64,18.87,5.04,25.93,0.0,33.81
588,2020-09-06　津　津インクル開設９周年記念レース8R,5,3931,6.89,6,黒崎竜也,44,三重,50,A2,4.83,26.6,6.22,44.44,0.0,32.24
589,2020-09-06　津　津インクル開設９周年記念レース8R,6,4995,6.93,5,田邉亮蔵,29,東京,56,B1,3.76,15.49,1.63,5.71,0.0,31.82
590,2020-09-06　津　津インクル開設９周年記念レース9R,1,4545,6.99,5,岡村慶太,32,福岡,54,A1,6.69,45.54,6.78,44.44,0.0,34.47
591,2020-09-06　津　津インクル開設９周年記念レース9R,2,4514,7.04,1,上條嘉嗣,30,大阪,54,A2,5.81,43.55,4.82,25.64,0.0,36.2
592,2020-09-06　津　津インクル開設９周年記念レース9R,3,4288,7.07,2,永田啓二,35,福岡,54,A1,6.45,46.28,4.7,30.0,0.0,35.92
593,2020-09-06　津　津インクル開設９周年記念レース9R,4,3568,7.05,6,木村光宏,49,香川,54,A2,5.79,35.59,7.81,68.75,0.0,34.27
594,2020-09-06　津　津インクル開設９周年記念レース9R,5,3705,7.07,3,濱田隆浩,46,大阪,54,B1,4.74,25.53,5.31,38.46,0.0,28.44
595,2020-09-06　津　津インクル開設９周年記念レース9R,6,4420,7.0,4,津久井拓,32,群馬,54,B1,4.95,24.51,3.11,10.53,0.0,39.01
596,2020-09-06　津　津インクル開設９周年記念レース10R,1,4112,6.96,2,大久保信,40,佐賀,52,A2,6.08,40.83,4.85,23.08,0.0,27.75
597,2020-09-06　津　津インクル開設９周年記念レース10R,2,4430,7.01,3,永田秀二,34,東京,56,A1,6.41,46.43,6.74,52.38,0.0,29.29
598,2020-09-06　津　津インクル開設９周年記念レース10R,3,4000,6.97,1,松本博昭,43,広島,55,A2,5.92,42.02,5.63,36.59,0.0,40.63
599,2020-09-06　津　津インクル開設９周年記念レース10R,4,3532,7.06,5,柴田　光,48,群馬,54,A1,6.19,46.61,6.83,57.69,0.0,29.14
600,2020-09-06　津　津インクル開設９周年記念レース10R,5,4669,6.92,6,井上　茂,35,福岡,52,B1,4.53,20.59,5.06,31.25,0.0,41.96
601,2020-09-06　津　津インクル開設９周年記念レース10R,6,5001,7.04,4,坂本雅佳,25,岡山,56,B1,3.2,13.21,1.56,0.0,0.0,29.29
602,2020-09-06　津　津インクル開設９周年記念レース11R,1,4237,7.1,2,大峯　豊,36,山口,54,A1,6.26,50.0,6.71,47.06,0.0,36.12
603,2020-09-06　津　津インクル開設９周年記念レース11R,2,3517,7.01,1,高橋　勲,52,東京,60,A1,5.59,38.61,4.75,33.33,0.0,42.73
604,2020-09-06　津　津インクル開設９周年記念レース11R,3,3712,7.02,5,淺香文武,46,三重,56,B1,5.36,37.86,6.2,47.76,0.0,30.43
605,2020-09-06　津　津インクル開設９周年記念レース11R,4,4319,7.08,3,三宅　潤,35,大阪,56,A2,5.85,40.32,5.13,29.17,0.0,34.42
606,2020-09-06　津　津インクル開設９周年記念レース11R,5,4336,7.09,6,松田竜馬,36,福岡,54,A2,5.44,37.21,6.52,41.38,0.0,30.2
607,2020-09-06　津　津インクル開設９周年記念レース11R,6,4156,7.07,4,浜野孝志,39,三重,57,A2,5.89,40.98,6.02,44.63,0.0,35.94
608,2020-09-06　津　津インクル開設９周年記念レース12R,1,3919,7.07,2,村上　純,45,岡山,51,A2,6.03,42.72,5.69,43.59,0.0,36.71
609,2020-09-06　津　津インクル開設９周年記念レース12R,2,4140,7.13,1,梶野学志,39,東京,51,A1,6.95,57.43,6.31,42.86,0.0,38.89
610,2020-09-06　津　津インクル開設９周年記念レース12R,3,4036,6.97,4,金田　諭,41,埼玉,51,A1,6.79,52.88,5.09,9.09,0.0,38.33
611,2020-09-06　津　津インクル開設９周年記念レース12R,4,4179,6.98,5,広次　修,37,山口,51,A2,5.73,39.84,5.78,41.46,0.0,35.12
612,2020-09-06　津　津インクル開設９周年記念レース12R,5,4128,7.13,6,川口貴久,40,東京,56,B1,4.59,28.13,1.5,0.0,0.0,36.36
613,2020-09-06　津　津インクル開設９周年記念レース12R,6,4064,6.97,3,原田篤志,40,山口,52,A1,6.69,49.12,5.83,35.0,0.0,32.88
614,2020-09-06常　滑モーターボート大賞～昭和ＶＳ平成～1R,1,4759,6.75,1,今泉友吾,30,東京,51,A1,6.44,43.24,5.98,38.46,19.65,45.65
615,2020-09-06常　滑モーターボート大賞～昭和ＶＳ平成～1R,2,4769,6.88,3,馬場　剛,28,東京,51,A2,6.24,47.3,6.82,45.45,38.86,42.22
616,2020-09-06常　滑モーターボート大賞～昭和ＶＳ平成～1R,3,4513,6.86,4,河野真也,31,福岡,54,A2,5.63,35.9,5.19,29.03,28.73,38.18
617,2020-09-06常　滑モーターボート大賞～昭和ＶＳ平成～1R,4,4719,6.86,2,上條暢嵩,26,大阪,51,A1,6.77,48.6,7.54,56.41,32.76,28.21
618,2020-09-06常　滑モーターボート大賞～昭和ＶＳ平成～1R,5,4565,6.81,5,西村豪洋,32,愛知,52,A2,5.07,29.89,5.45,34.12,44.21,31.91
619,2020-09-06常　滑モーターボート大賞～昭和ＶＳ平成～1R,6,3852,6.86,6,澤　大介,48,三重,51,A2,4.66,18.75,3.67,13.33,41.44,27.78
620,2020-09-06常　滑モーターボート大賞～昭和ＶＳ平成～2R,1,4910,6.83,1,中村泰平,24,愛知,51,A1,6.08,43.01,5.72,41.51,32.78,42.31
621,2020-09-06常　滑モーターボート大賞～昭和ＶＳ平成～2R,2,4826,6.86,3,井上一輝,26,大阪,49,A2,5.86,37.38,5.62,40.43,28.66,36.0
622,2020-09-06常　滑モーターボート大賞～昭和ＶＳ平成～2R,3,4787,6.84,5,椎名　豊,31,群馬,51,A2,6.58,55.67,5.62,38.24,31.36,23.81
623,2020-09-06常　滑モーターボート大賞～昭和ＶＳ平成～2R,4,3996,6.77,2,秋山直之,41,群馬,51,A1,7.6,61.02,6.96,56.52,39.29,42.55
624,2020-09-06常　滑モーターボート大賞～昭和ＶＳ平成～2R,5,3591,6.83,4,後藤孝義,52,静岡,51,A2,4.66,28.13,4.18,27.27,36.36,35.9
625,2020-09-06常　滑モーターボート大賞～昭和ＶＳ平成～2R,6,4561,6.83,6,藤山翔大,29,大阪,54,A1,5.85,38.52,6.45,51.61,33.33,27.66
626,2020-09-06常　滑モーターボート大賞～昭和ＶＳ平成～3R,1,4335,6.83,1,若林　将,36,東京,53,A2,6.82,49.32,6.59,47.06,32.0,24.39
627,2020-09-06常　滑モーターボート大賞～昭和ＶＳ平成～3R,2,4824,6.81,5,松井洪弥,27,三重,53,A2,5.93,43.0,5.72,24.14,33.11,26.67
628,2020-09-06常　滑モーターボート大賞～昭和ＶＳ平成～3R,3,3978,6.85,2,齊藤　仁,43,東京,51,A1,7.26,52.8,6.86,44.9,32.77,42.31
629,2020-09-06常　滑モーターボート大賞～昭和ＶＳ平成～3R,4,4573,6.82,4,佐藤　翼,31,埼玉,51,A1,7.44,62.11,6.8,50.0,28.9,33.33
630,2020-09-06常　滑モーターボート大賞～昭和ＶＳ平成～3R,5,4710,6.82,3,福田宗平,30,大阪,51,A2,5.86,40.0,5.57,28.57,29.48,38.46
631,2020-09-06常　滑モーターボート大賞～昭和ＶＳ平成～3R,6,4802,6.77,6,中田達也,27,福岡,51,A1,6.57,51.26,6.5,37.5,39.56,34.88
632,2020-09-06常　滑モーターボート大賞～昭和ＶＳ平成～4R,1,4530,6.79,1,小野生奈,31,福岡,45,A1,7.21,52.94,7.29,58.54,37.57,42.59
633,2020-09-06常　滑モーターボート大賞～昭和ＶＳ平成～4R,2,4983,6.78,3,前田篤哉,23,愛知,50,A2,5.84,41.11,5.41,37.0,45.69,32.5
634,2020-09-06常　滑モーターボート大賞～昭和ＶＳ平成～4R,3,4494,6.87,5,河合佑樹,33,静岡,51,A2,7.1,54.31,7.94,67.65,28.32,44.19
635,2020-09-06常　滑モーターボート大賞～昭和ＶＳ平成～4R,4,4076,6.88,6,杉田篤光,42,静岡,52,A1,5.79,36.96,6.27,41.67,32.18,34.78
636,2020-09-06常　滑モーターボート大賞～昭和ＶＳ平成～4R,5,4640,6.83,2,山ノ内雅,29,福岡,56,A2,4.98,34.02,5.93,50.0,43.41,53.66
637,2020-09-06常　滑モーターボート大賞～昭和ＶＳ平成～4R,6,4535,6.92,4,北山康介,30,東京,55,A1,6.36,45.45,6.18,35.29,33.52,25.0
638,2020-09-06常　滑モーターボート大賞～昭和ＶＳ平成～5R,1,4713,6.81,1,白神　優,30,岡山,52,A1,6.47,51.67,5.57,28.57,31.21,42.5
639,2020-09-06常　滑モーターボート大賞～昭和ＶＳ平成～5R,2,4565,6.77,3,西村豪洋,32,愛知,52,A2,5.07,29.89,5.45,34.12,44.21,31.91
640,2020-09-06常　滑モーターボート大賞～昭和ＶＳ平成～5R,3,4502,6.84,2,遠藤エミ,32,滋賀,45,A1,6.59,36.59,6.41,35.29,31.21,35.56
641,2020-09-06常　滑モーターボート大賞～昭和ＶＳ平成～5R,4,3983,6.87,4,須藤博倫,42,埼玉,51,A1,7.03,49.59,7.67,51.28,29.24,24.39
642,2020-09-06常　滑モーターボート大賞～昭和ＶＳ平成～5R,5,4513,6.81,5,河野真也,31,福岡,54,A2,5.63,35.9,5.19,29.03,28.73,38.18
643,2020-09-06常　滑モーターボート大賞～昭和ＶＳ平成～5R,6,4269,6.8,6,杉山裕也,34,愛知,54,A2,6.64,51.18,7.09,57.69,40.22,26.32
644,2020-09-06常　滑モーターボート大賞～昭和ＶＳ平成～6R,1,4398,6.93,6,船岡洋一,33,広島,52,A2,6.2,42.07,5.37,31.58,29.94,25.0
645,2020-09-06常　滑モーターボート大賞～昭和ＶＳ平成～6R,2,4504,6.87,3,前田将太,32,福岡,54,A1,7.43,58.39,7.68,72.73,27.91,52.17
646,2020-09-06常　滑モーターボート大賞～昭和ＶＳ平成～6R,3,4055,6.9,2,吉田俊彦,42,兵庫,53,A2,6.49,51.54,5.7,40.54,39.34,30.77
647,2020-09-06常　滑モーターボート大賞～昭和ＶＳ平成～6R,4,4583,6.87,1,古田祐貴,31,香川,51,A2,5.97,40.18,4.73,22.73,36.02,35.29
648,2020-09-06常　滑モーターボート大賞～昭和ＶＳ平成～6R,5,4787,6.9,4,椎名　豊,31,群馬,51,A2,6.58,55.67,5.62,38.24,31.36,23.81
649,2020-09-06常　滑モーターボート大賞～昭和ＶＳ平成～6R,6,3852,6.89,5,澤　大介,48,三重,51,A2,4.66,18.75,3.67,13.33,41.44,27.78
650,2020-09-06常　滑モーターボート大賞～昭和ＶＳ平成～7R,1,3996,6.86,3,秋山直之,41,群馬,51,A1,7.6,61.02,6.96,56.52,39.29,42.55
651,2020-09-06常　滑モーターボート大賞～昭和ＶＳ平成～7R,2,4802,6.82,4,中田達也,27,福岡,51,A1,6.57,51.26,6.5,37.5,39.56,34.88
652,2020-09-06常　滑モーターボート大賞～昭和ＶＳ平成～7R,3,4442,6.8,1,松竹大輔,33,愛知,52,A2,5.15,33.33,6.15,46.81,36.72,33.33
653,2020-09-06常　滑モーターボート大賞～昭和ＶＳ平成～7R,4,3591,6.91,5,後藤孝義,52,静岡,51,A2,4.66,28.13,4.18,27.27,36.36,35.9
654,2020-09-06常　滑モーターボート大賞～昭和ＶＳ平成～7R,5,4824,6.83,2,松井洪弥,27,三重,53,A2,5.93,43.0,5.72,24.14,33.11,26.67
655,2020-09-06常　滑モーターボート大賞～昭和ＶＳ平成～7R,6,4776,6.89,6,竹田和哉,26,香川,52,A2,6.33,42.45,6.52,48.28,33.86,25.58
656,2020-09-06常　滑モーターボート大賞～昭和ＶＳ平成～8R,1,4580,6.83,1,長谷川雅,31,岡山,51,A1,6.26,39.67,7.1,54.84,33.87,30.43
657,2020-09-06常　滑モーターボート大賞～昭和ＶＳ平成～8R,2,4494,6.81,4,河合佑樹,33,静岡,51,A2,7.1,54.31,7.94,67.65,28.32,44.19
658,2020-09-06常　滑モーターボート大賞～昭和ＶＳ平成～8R,3,4736,6.77,6,高倉和士,29,福岡,53,A1,6.53,50.0,5.13,26.67,32.02,40.82
659,2020-09-06常　滑モーターボート大賞～昭和ＶＳ平成～8R,4,4743,6.85,2,木村仁紀,27,滋賀,55,A2,5.26,38.1,5.45,41.94,40.88,37.21
660,2020-09-06常　滑モーターボート大賞～昭和ＶＳ平成～8R,5,3978,6.89,3,齊藤　仁,43,東京,51,A1,7.26,52.8,6.86,44.9,32.77,42.31
661,2020-09-06常　滑モーターボート大賞～昭和ＶＳ平成～8R,6,4535,6.9,5,北山康介,30,東京,55,A1,6.36,45.45,6.18,35.29,33.52,25.0
662,2020-09-06常　滑モーターボート大賞～昭和ＶＳ平成～9R,1,4502,6.89,3,遠藤エミ,32,滋賀,45,A1,6.59,36.59,6.41,35.29,31.21,35.56
663,2020-09-06常　滑モーターボート大賞～昭和ＶＳ平成～9R,2,4719,6.91,4,上條暢嵩,26,大阪,51,A1,6.77,48.6,7.54,56.41,32.76,28.21
664,2020-09-06常　滑モーターボート大賞～昭和ＶＳ平成～9R,3,4710,6.85,5,福田宗平,30,大阪,51,A2,5.86,40.0,5.57,28.57,29.48,38.46
665,2020-09-06常　滑モーターボート大賞～昭和ＶＳ平成～9R,4,4076,6.92,2,杉田篤光,42,静岡,52,A1,5.79,36.96,6.27,41.67,32.18,34.78
666,2020-09-06常　滑モーターボート大賞～昭和ＶＳ平成～9R,5,4163,6.79,1,山崎裕司,38,広島,51,A2,6.18,44.44,6.79,57.58,27.12,41.03
667,2020-09-06常　滑モーターボート大賞～昭和ＶＳ平成～9R,6,4679,6.87,6,植田太一,31,福岡,60,A2,4.29,26.79,6.0,47.37,37.91,45.45
668,2020-09-06常　滑モーターボート大賞～昭和ＶＳ平成～10R,1,4530,6.88,2,小野生奈,31,福岡,45,A1,7.21,52.94,7.29,58.54,37.57,42.59
669,2020-09-06常　滑モーターボート大賞～昭和ＶＳ平成～10R,2,4573,6.92,1,佐藤　翼,31,埼玉,51,A1,7.44,62.11,6.8,50.0,28.9,33.33
670,2020-09-06常　滑モーターボート大賞～昭和ＶＳ平成～10R,3,4398,6.88,4,船岡洋一,33,広島,52,A2,6.2,42.07,5.37,31.58,29.94,25.0
671,2020-09-06常　滑モーターボート大賞～昭和ＶＳ平成～10R,4,4335,6.99,3,若林　将,36,東京,53,A2,6.82,49.32,6.59,47.06,32.0,24.39
672,2020-09-06常　滑モーターボート大賞～昭和ＶＳ平成～10R,5,4055,6.89,6,吉田俊彦,42,兵庫,53,A2,6.49,51.54,5.7,40.54,39.34,30.77
673,2020-09-06常　滑モーターボート大賞～昭和ＶＳ平成～10R,6,4983,6.87,5,前田篤哉,23,愛知,50,A2,5.84,41.11,5.41,37.0,45.69,32.5
674,2020-09-06常　滑モーターボート大賞～昭和ＶＳ平成～11R,1,4504,6.87,1,前田将太,32,福岡,54,A1,7.43,58.39,7.68,72.73,27.91,52.17
675,2020-09-06常　滑モーターボート大賞～昭和ＶＳ平成～11R,2,4269,6.81,2,杉山裕也,34,愛知,54,A2,6.64,51.18,7.09,57.69,40.22,26.32
676,2020-09-06常　滑モーターボート大賞～昭和ＶＳ平成～11R,3,4713,6.92,5,白神　優,30,岡山,52,A1,6.47,51.67,5.57,28.57,31.21,42.5
677,2020-09-06常　滑モーターボート大賞～昭和ＶＳ平成～11R,4,4442,6.87,6,松竹大輔,33,愛知,52,A2,5.15,33.33,6.15,46.81,36.72,33.33
678,2020-09-06常　滑モーターボート大賞～昭和ＶＳ平成～11R,5,4583,6.91,3,古田祐貴,31,香川,51,A2,5.97,40.18,4.73,22.73,36.02,35.29
679,2020-09-06常　滑モーターボート大賞～昭和ＶＳ平成～11R,6,4776,6.93,4,竹田和哉,26,香川,52,A2,6.33,42.45,6.52,48.28,33.86,25.58
680,2020-09-06常　滑モーターボート大賞～昭和ＶＳ平成～12R,2,4762,6.82,4,藤原啓史,30,岡山,49,A1,7.06,52.22,6.31,46.88,42.44,50.0
681,2020-09-06常　滑モーターボート大賞～昭和ＶＳ平成～12R,3,4205,6.84,2,山口　剛,38,広島,52,A1,7.36,54.47,7.69,56.25,31.35,40.38
682,2020-09-06常　滑モーターボート大賞～昭和ＶＳ平成～12R,4,4512,6.82,5,高野哲史,31,兵庫,52,A1,7.04,59.52,6.28,48.0,49.48,66.67
683,2020-09-06常　滑モーターボート大賞～昭和ＶＳ平成～12R,5,4914,6.75,1,吉田裕平,23,愛知,50,A2,6.62,50.0,5.99,41.34,46.55,31.25
684,2020-09-06常　滑モーターボート大賞～昭和ＶＳ平成～12R,6,3623,6.88,6,深川真二,46,佐賀,50,A1,7.75,64.52,7.28,56.0,32.58,32.0
685,2020-09-06蒲　郡三遠ネオフェニックス杯争奪1R,1,4979,6.92,1,中野夢斗,24,愛知,52,B1,4.33,18.92,3.14,12.24,36.54,37.04
686,2020-09-06蒲　郡三遠ネオフェニックス杯争奪1R,2,5061,6.85,6,中村駿平,23,愛知,52,B1,2.58,4.63,1.24,0.0,35.0,23.64
687,2020-09-06蒲　郡三遠ネオフェニックス杯争奪1R,3,4314,6.95,4,青木幸太,36,福岡,52,B1,5.52,31.68,5.86,42.86,26.0,38.18
688,2020-09-06蒲　郡三遠ネオフェニックス杯争奪1R,4,4900,6.85,3,中田夕貴,27,埼玉,46,B1,4.76,32.97,3.95,20.0,27.91,17.65
689,2020-09-06蒲　郡三遠ネオフェニックス杯争奪1R,5,4345,6.91,5,西舘　健,35,東京,55,B1,4.08,27.5,4.55,25.0,29.41,31.25
690,2020-09-06蒲　郡三遠ネオフェニックス杯争奪1R,6,4904,6.85,2,松本一毅,26,大阪,51,B1,4.82,24.76,5.11,21.05,27.08,20.83
691,2020-09-06蒲　郡三遠ネオフェニックス杯争奪2R,1,4181,6.89,3,花本夏樹,37,三重,53,B1,4.79,23.71,4.38,25.0,48.08,19.57
692,2020-09-06蒲　郡三遠ネオフェニックス杯争奪2R,2,3075,6.85,2,中村裕将,58,埼玉,52,A2,5.51,36.07,5.91,38.24,47.83,31.48
693,2020-09-06蒲　郡三遠ネオフェニックス杯争奪2R,3,4569,6.78,4,中澤宏奈,32,東京,47,B1,5.03,32.77,5.29,40.0,37.25,29.63
694,2020-09-06蒲　郡三遠ネオフェニックス杯争奪2R,4,5049,6.76,5,松井友汰,25,大阪,52,B1,3.6,16.0,3.15,7.69,22.92,33.33
695,2020-09-06蒲　郡三遠ネオフェニックス杯争奪2R,5,4999,6.77,1,沓名貴輝,26,愛知,48,B1,2.72,8.7,1.51,1.64,22.92,31.03
696,2020-09-06蒲　郡三遠ネオフェニックス杯争奪2R,6,3583,6.81,6,齋藤智裕,47,埼玉,58,B1,4.24,22.33,3.88,16.67,27.45,23.26
697,2020-09-06蒲　郡三遠ネオフェニックス杯争奪3R,1,3730,6.82,3,塩崎優司,48,愛知,52,B1,5.15,30.6,5.79,42.47,48.08,39.68
698,2020-09-06蒲　郡三遠ネオフェニックス杯争奪3R,2,4725,6.78,1,佐竹太一,33,兵庫,51,B1,5.06,30.95,0.0,0.0,23.26,41.27
699,2020-09-06蒲　郡三遠ネオフェニックス杯争奪3R,3,4068,6.83,4,幸田智裕,40,静岡,54,A2,5.32,31.58,5.2,28.0,33.33,20.69
700,2020-09-06蒲　郡三遠ネオフェニックス杯争奪3R,4,5038,6.76,2,金田智博,22,福井,51,B1,4.0,23.19,1.94,0.0,39.22,15.38
701,2020-09-06蒲　郡三遠ネオフェニックス杯争奪3R,5,3226,6.84,5,浦田信義,55,東京,50,B1,5.39,35.29,5.0,36.84,22.92,34.78
702,2020-09-06蒲　郡三遠ネオフェニックス杯争奪3R,6,3693,6.76,6,栢場優子,49,東京,43,B1,4.29,16.25,3.1,20.0,47.27,36.07
703,2020-09-06蒲　郡三遠ネオフェニックス杯争奪4R,1,3907,6.81,2,村越　篤,42,香川,55,A2,6.03,40.0,4.2,30.0,37.29,20.93
704,2020-09-06蒲　郡三遠ネオフェニックス杯争奪4R,2,4066,6.84,4,東本勝利,40,三重,51,A2,5.96,40.0,5.59,27.03,36.36,31.48
705,2020-09-06蒲　郡三遠ネオフェニックス杯争奪4R,3,3921,6.93,5,川村正輝,45,福井,50,A2,5.51,37.68,5.27,33.33,24.0,19.15
706,2020-09-06蒲　郡三遠ネオフェニックス杯争奪4R,4,3701,6.87,6,大西隆洋,47,香川,57,B1,3.72,17.44,4.3,40.0,45.1,32.69
707,2020-09-06蒲　郡三遠ネオフェニックス杯争奪4R,5,3947,6.76,3,寺本昇平,44,群馬,48,B1,5.5,37.96,5.4,35.0,22.45,33.96
708,2020-09-06蒲　郡三遠ネオフェニックス杯争奪4R,6,3731,6.87,1,高濱芳久,47,広島,52,B1,5.33,34.43,6.49,53.49,25.0,55.74
709,2020-09-06蒲　郡三遠ネオフェニックス杯争奪5R,1,4877,6.73,1,鈴谷一平,25,兵庫,55,B1,4.79,27.84,4.8,30.0,54.72,42.11
710,2020-09-06蒲　郡三遠ネオフェニックス杯争奪5R,2,4073,6.69,3,大橋純一,39,静岡,52,A1,6.15,41.73,7.06,51.92,34.55,31.37
711,2020-09-06蒲　郡三遠ネオフェニックス杯争奪5R,3,3981,6.75,2,今坂晃広,42,静岡,53,A2,5.15,36.17,5.14,42.86,35.29,15.91
712,2020-09-06蒲　郡三遠ネオフェニックス杯争奪5R,4,4230,6.71,6,濱崎直矢,37,埼玉,53,A2,6.98,53.38,6.95,42.11,22.0,38.89
713,2020-09-06蒲　郡三遠ネオフェニックス杯争奪5R,5,5061,6.79,4,中村駿平,23,愛知,52,B1,2.58,4.63,1.24,0.0,35.0,23.64
714,2020-09-06蒲　郡三遠ネオフェニックス杯争奪5R,6,4900,6.75,5,中田夕貴,27,埼玉,46,B1,4.76,32.97,3.95,20.0,27.91,17.65
715,2020-09-06蒲　郡三遠ネオフェニックス杯争奪6R,1,3876,6.83,4,中辻崇人,43,福岡,52,A1,7.07,57.36,7.82,63.64,37.04,36.21
716,2020-09-06蒲　郡三遠ネオフェニックス杯争奪6R,2,4381,6.75,3,田路朋史,35,兵庫,51,A2,4.97,30.58,5.43,42.86,19.61,39.29
717,2020-09-06蒲　郡三遠ネオフェニックス杯争奪6R,3,3538,6.86,6,菊池峰晴,52,群馬,52,A2,5.84,35.14,5.07,23.81,25.45,29.09
718,2020-09-06蒲　郡三遠ネオフェニックス杯争奪6R,4,4181,6.86,1,花本夏樹,37,三重,53,B1,4.79,23.71,4.38,25.0,48.08,19.57
719,2020-09-06蒲　郡三遠ネオフェニックス杯争奪6R,5,4999,6.81,5,沓名貴輝,26,愛知,48,B1,2.72,8.7,1.51,1.64,22.92,31.03
720,2020-09-06蒲　郡三遠ネオフェニックス杯争奪6R,6,4345,6.88,2,西舘　健,35,東京,55,B1,4.08,27.5,4.55,25.0,29.41,31.25
721,2020-09-06蒲　郡三遠ネオフェニックス杯争奪7R,1,4589,6.8,1,塩崎桐加,28,三重,49,A2,6.03,44.0,5.7,25.0,40.0,34.48
722,2020-09-06蒲　郡三遠ネオフェニックス杯争奪7R,2,3737,6.92,4,上平真二,46,広島,52,A1,7.71,59.86,7.0,46.67,38.46,38.3
723,2020-09-06蒲　郡三遠ネオフェニックス杯争奪7R,3,4569,6.85,2,中澤宏奈,32,東京,47,B1,5.03,32.77,5.29,40.0,37.25,29.63
724,2020-09-06蒲　郡三遠ネオフェニックス杯争奪7R,4,4314,6.94,6,青木幸太,36,福岡,52,B1,5.52,31.68,5.86,42.86,26.0,38.18
725,2020-09-06蒲　郡三遠ネオフェニックス杯争奪7R,5,4725,6.91,5,佐竹太一,33,兵庫,51,B1,5.06,30.95,0.0,0.0,23.26,41.27
726,2020-09-06蒲　郡三遠ネオフェニックス杯争奪7R,6,3226,6.9,3,浦田信義,55,東京,50,B1,5.39,35.29,5.0,36.84,22.92,34.78
727,2020-09-06蒲　郡三遠ネオフェニックス杯争奪8R,1,4067,6.82,3,永井　源,40,愛知,51,A1,6.45,44.44,6.57,48.6,22.45,42.19
728,2020-09-06蒲　郡三遠ネオフェニックス杯争奪8R,2,3304,6.83,1,烏野賢太,52,徳島,51,A2,6.27,42.86,6.12,42.86,42.37,28.81
729,2020-09-06蒲　郡三遠ネオフェニックス杯争奪8R,3,3075,6.99,6,中村裕将,58,埼玉,52,A2,5.51,36.07,5.91,38.24,47.83,31.48
730,2020-09-06蒲　郡三遠ネオフェニックス杯争奪8R,4,3693,6.83,5,栢場優子,49,東京,43,B1,4.29,16.25,3.1,20.0,47.27,36.07
731,2020-09-06蒲　郡三遠ネオフェニックス杯争奪8R,5,3947,6.82,4,寺本昇平,44,群馬,48,B1,5.5,37.96,5.4,35.0,22.45,33.96
732,2020-09-06蒲　郡三遠ネオフェニックス杯争奪8R,6,4979,6.93,2,中野夢斗,24,愛知,52,B1,4.33,18.92,3.14,12.24,36.54,37.04
733,2020-09-06蒲　郡三遠ネオフェニックス杯争奪9R,1,4904,6.97,4,松本一毅,26,大阪,51,B1,4.82,24.76,5.11,21.05,27.08,20.83
734,2020-09-06蒲　郡三遠ネオフェニックス杯争奪9R,2,3981,6.96,5,今坂晃広,42,静岡,53,A2,5.15,36.17,5.14,42.86,35.29,15.91
735,2020-09-06蒲　郡三遠ネオフェニックス杯争奪9R,3,3907,6.92,6,村越　篤,42,香川,55,A2,6.03,40.0,4.2,30.0,37.29,20.93
736,2020-09-06蒲　郡三遠ネオフェニックス杯争奪9R,4,5049,6.88,2,松井友汰,25,大阪,52,B1,3.6,16.0,3.15,7.69,22.92,33.33
737,2020-09-06蒲　郡三遠ネオフェニックス杯争奪9R,5,4068,7.0,3,幸田智裕,40,静岡,54,A2,5.32,31.58,5.2,28.0,33.33,20.69
738,2020-09-06蒲　郡三遠ネオフェニックス杯争奪9R,6,3921,6.97,1,川村正輝,45,福井,50,A2,5.51,37.68,5.27,33.33,24.0,19.15
739,2020-09-06蒲　郡三遠ネオフェニックス杯争奪10R,1,3876,6.95,1,中辻崇人,43,福岡,52,A1,7.07,57.36,7.82,63.64,37.04,36.21
740,2020-09-06蒲　郡三遠ネオフェニックス杯争奪10R,2,4589,6.89,3,塩崎桐加,28,三重,49,A2,6.03,44.0,5.7,25.0,40.0,34.48
741,2020-09-06蒲　郡三遠ネオフェニックス杯争奪10R,3,4877,6.91,5,鈴谷一平,25,兵庫,55,B1,4.79,27.84,4.8,30.0,54.72,42.11
742,2020-09-06蒲　郡三遠ネオフェニックス杯争奪10R,4,3730,6.97,4,塩崎優司,48,愛知,52,B1,5.15,30.6,5.79,42.47,48.08,39.68
743,2020-09-06蒲　郡三遠ネオフェニックス杯争奪10R,5,4381,6.86,2,田路朋史,35,兵庫,51,A2,4.97,30.58,5.43,42.86,19.61,39.29
744,2020-09-06蒲　郡三遠ネオフェニックス杯争奪10R,6,3731,7.1,6,高濱芳久,47,広島,52,B1,5.33,34.43,6.49,53.49,25.0,55.74
745,2020-09-06蒲　郡三遠ネオフェニックス杯争奪11R,1,4073,6.9,1,大橋純一,39,静岡,52,A1,6.15,41.73,7.06,51.92,34.55,31.37
746,2020-09-06蒲　郡三遠ネオフェニックス杯争奪11R,2,3737,6.97,2,上平真二,46,広島,52,A1,7.71,59.86,7.0,46.67,38.46,38.3
747,2020-09-06蒲　郡三遠ネオフェニックス杯争奪11R,3,4067,6.88,4,永井　源,40,愛知,51,A1,6.45,44.44,6.57,48.6,22.45,42.19
748,2020-09-06蒲　郡三遠ネオフェニックス杯争奪11R,4,3304,7.05,3,烏野賢太,52,徳島,51,A2,6.27,42.86,6.12,42.86,42.37,28.81
749,2020-09-06蒲　郡三遠ネオフェニックス杯争奪11R,5,4066,6.97,6,東本勝利,40,三重,51,A2,5.96,40.0,5.59,27.03,36.36,31.48
750,2020-09-06蒲　郡三遠ネオフェニックス杯争奪11R,6,5038,6.88,5,金田智博,22,福井,51,B1,4.0,23.19,1.94,0.0,39.22,15.38
751,2020-09-06蒲　郡三遠ネオフェニックス杯争奪12R,1,4685,6.86,1,島村隆幸,29,徳島,50,A1,7.11,60.16,6.52,45.83,36.21,31.71
752,2020-09-06蒲　郡三遠ネオフェニックス杯争奪12R,2,3828,6.93,3,明石正之,47,兵庫,50,A1,5.81,42.62,6.21,39.29,20.37,45.61
753,2020-09-06蒲　郡三遠ネオフェニックス杯争奪12R,3,3898,6.95,4,平田忠則,43,福岡,53,A1,5.96,41.44,6.79,55.17,42.0,34.43
754,2020-09-06蒲　郡三遠ネオフェニックス杯争奪12R,4,3541,6.95,2,三嶌誠司,52,香川,52,A1,6.54,47.86,6.2,46.67,31.03,29.82
755,2020-09-06蒲　郡三遠ネオフェニックス杯争奪12R,5,3161,6.88,5,古場輝義,60,大阪,53,A2,5.09,27.59,4.75,31.25,34.55,35.71
756,2020-09-06蒲　郡三遠ネオフェニックス杯争奪12R,6,4488,6.91,6,小山　勉,34,埼玉,52,A1,6.37,44.53,6.92,52.08,28.85,42.86
757,2020-09-06平和島第６６回報知杯1R,1,3542,6.95,3,清水紀克,51,愛知,56,B1,3.69,13.85,5.9,60.0,26.19,40.0
758,2020-09-06平和島第６６回報知杯1R,2,4973,6.87,5,栗原直也,28,埼玉,51,B2,3.35,8.11,2.89,7.14,15.0,36.84
759,2020-09-06平和島第６６回報知杯1R,3,3235,6.96,1,鈴木唯由,58,群馬,50,B1,3.2,10.94,5.18,29.41,36.36,32.65
760,2020-09-06平和島第６６回報知杯1R,4,3745,6.95,6,橋本年光,45,兵庫,53,A2,5.51,32.88,6.69,44.83,44.19,27.78
761,2020-09-06平和島第６６回報知杯1R,5,4169,6.97,2,多田有佑,38,東京,55,B1,3.18,6.85,4.77,27.42,21.43,22.73
762,2020-09-06平和島第６６回報知杯1R,6,4652,6.92,4,酒見峻介,35,佐賀,50,B1,4.54,20.91,3.69,6.25,50.0,25.0
763,2020-09-06平和島第６６回報知杯2R,1,3331,6.94,2,新美恵一,52,愛知,51,A2,6.51,46.96,6.8,48.0,26.19,34.88
764,2020-09-06平和島第６６回報知杯2R,2,3565,6.99,3,坂本徳克,50,東京,57,B1,3.79,12.64,4.13,19.15,25.0,20.45
765,2020-09-06平和島第６６回報知杯2R,3,3696,6.9,5,白井友晴,48,埼玉,51,A2,5.77,44.09,5.95,40.91,28.21,34.88
766,2020-09-06平和島第６６回報知杯2R,4,3313,6.93,4,本吉正樹,55,東京,57,B1,4.01,14.94,4.59,26.09,13.51,49.02
767,2020-09-06平和島第６６回報知杯2R,5,4867,7.0,1,松山　靖,29,三重,57,B1,2.73,5.0,4.6,20.0,23.81,17.95
768,2020-09-06平和島第６６回報知杯2R,6,5139,6.98,6,大場恒季,20,愛知,55,B2,2.39,3.39,0.0,0.0,17.07,14.89
769,2020-09-06平和島第６６回報知杯3R,1,5005,6.92,2,石田貴洋,24,埼玉,51,B1,3.69,12.5,3.17,10.87,39.53,42.86
770,2020-09-06平和島第６６回報知杯3R,2,3850,6.93,1,小川知行,48,群馬,51,B1,4.73,32.2,5.4,26.67,36.59,42.55
771,2020-09-06平和島第６６回報知杯3R,3,3690,6.96,3,河合三弘,49,愛知,52,A2,5.29,39.13,5.69,43.75,29.27,48.89
772,2020-09-06平和島第６６回報知杯3R,4,4837,7.04,5,酒井陽祐,31,愛知,51,B1,4.61,24.68,4.63,12.5,57.78,36.17
773,2020-09-06平和島第６６回報知杯3R,5,3339,6.9,4,泉　具巳,55,兵庫,55,A2,5.21,35.51,4.25,25.0,34.15,25.0
774,2020-09-06平和島第６６回報知杯3R,6,5128,7.09,6,坪井爽佑,23,三重,58,B2,0.96,0.0,0.0,0.0,32.5,36.36
775,2020-09-06平和島第６６回報知杯4R,1,3652,6.94,1,森下　勇,47,群馬,56,B1,3.96,14.67,4.13,12.5,38.46,40.91
776,2020-09-06平和島第６６回報知杯4R,2,5063,6.94,3,大塚雅治,22,東京,51,B1,2.89,5.41,1.71,0.0,31.71,20.51
777,2020-09-06平和島第６６回報知杯4R,3,4516,6.94,2,野口勝弘,33,愛知,53,A2,4.94,24.39,5.55,35.48,44.44,36.84
778,2020-09-06平和島第６６回報知杯4R,4,3841,6.94,4,佐々木和,44,徳島,55,A1,6.43,48.31,6.46,45.95,32.5,22.5
779,2020-09-06平和島第６６回報知杯4R,5,5010,7.04,5,宇留田翔,23,三重,54,B1,4.0,16.87,3.86,14.29,14.29,29.17
780,2020-09-06平和島第６６回報知杯4R,6,3922,6.92,6,菅沼佳昭,45,愛知,52,B1,4.64,32.2,4.5,31.25,18.92,27.91
781,2020-09-06平和島第６６回報知杯5R,1,3505,6.89,6,山田竜一,49,東京,52,A2,6.05,38.46,6.35,45.0,34.88,39.29
782,2020-09-06平和島第６６回報知杯5R,2,3235,6.95,2,鈴木唯由,58,群馬,50,B1,3.2,10.94,5.18,29.41,36.36,32.65
783,2020-09-06平和島第６６回報知杯5R,3,4159,6.92,4,向後龍一,39,埼玉,51,A2,6.39,47.37,5.81,42.31,19.51,47.62
784,2020-09-06平和島第６６回報知杯5R,4,3542,7.0,5,清水紀克,51,愛知,56,B1,3.69,13.85,5.9,60.0,26.19,40.0
785,2020-09-06平和島第６６回報知杯5R,5,4143,6.92,1,浦田晃嗣,39,佐賀,56,B1,4.2,20.0,5.2,40.0,27.03,20.59
786,2020-09-06平和島第６６回報知杯5R,6,4290,7.02,3,稲田浩二,35,兵庫,51,A1,7.62,57.53,6.89,37.04,48.65,31.43
787,2020-09-06平和島第６６回報知杯6R,1,4002,6.95,6,古結　宏,42,兵庫,53,A1,7.03,56.92,6.81,53.49,46.81,8.11
788,2020-09-06平和島第６６回報知杯6R,2,4175,6.98,3,川尻泰輔,37,埼玉,54,A2,5.29,36.26,6.63,47.37,35.56,47.5
789,2020-09-06平和島第６６回報知杯6R,3,4254,6.84,4,川島圭司,37,滋賀,51,A2,5.58,39.23,5.24,29.73,38.24,36.96
790,2020-09-06平和島第６６回報知杯6R,4,4973,6.96,2,栗原直也,28,埼玉,51,B2,3.35,8.11,2.89,7.14,15.0,36.84
791,2020-09-06平和島第６６回報知杯6R,5,5139,7.04,5,大場恒季,20,愛知,55,B2,2.39,3.39,0.0,0.0,17.07,14.89
792,2020-09-06平和島第６６回報知杯6R,6,4169,6.96,1,多田有佑,38,東京,55,B1,3.18,6.85,4.77,27.42,21.43,22.73
793,2020-09-06平和島第６６回報知杯7R,1,4505,7.0,1,島田賢人,32,埼玉,56,A2,5.84,44.44,4.74,31.58,38.89,26.67
794,2020-09-06平和島第６６回報知杯7R,2,4692,6.84,5,酒井俊弘,36,福井,53,A2,5.55,36.23,2.33,0.0,23.08,28.95
795,2020-09-06平和島第６６回報知杯7R,3,4867,7.06,3,松山　靖,29,三重,57,B1,2.73,5.0,4.6,20.0,23.81,17.95
796,2020-09-06平和島第６６回報知杯7R,4,3565,6.99,4,坂本徳克,50,東京,57,B1,3.79,12.64,4.13,19.15,25.0,20.45
797,2020-09-06平和島第６６回報知杯7R,5,4390,7.03,6,松本弓雄,34,徳島,52,B1,4.98,32.32,4.45,20.0,24.39,37.78
798,2020-09-06平和島第６６回報知杯7R,6,4652,6.97,2,酒見峻介,35,佐賀,50,B1,4.54,20.91,3.69,6.25,50.0,25.0
799,2020-09-06平和島第６６回報知杯8R,1,3339,6.96,1,泉　具巳,55,兵庫,55,A2,5.21,35.51,4.25,25.0,34.15,25.0
800,2020-09-06平和島第６６回報知杯8R,2,5010,7.05,3,宇留田翔,23,三重,54,B1,4.0,16.87,3.86,14.29,14.29,29.17
801,2020-09-06平和島第６６回報知杯8R,3,3313,6.98,2,本吉正樹,55,東京,57,B1,4.01,14.94,4.59,26.09,13.51,49.02
802,2020-09-06平和島第６６回報知杯8R,4,3807,7.02,6,岡部　哲,45,埼玉,52,A2,5.5,36.94,4.9,28.57,30.0,36.36
803,2020-09-06平和島第６６回報知杯8R,5,3850,6.97,5,小川知行,48,群馬,51,B1,4.73,32.2,5.4,26.67,36.59,42.55
804,2020-09-06平和島第６６回報知杯8R,6,5063,6.95,4,大塚雅治,22,東京,51,B1,2.89,5.41,1.71,0.0,31.71,20.51
805,2020-09-06平和島第６６回報知杯9R,1,3745,7.02,1,橋本年光,45,兵庫,53,A2,5.51,32.88,6.69,44.83,44.19,27.78
806,2020-09-06平和島第６６回報知杯9R,2,4837,6.99,2,酒井陽祐,31,愛知,51,B1,4.61,24.68,4.63,12.5,57.78,36.17
807,2020-09-06平和島第６６回報知杯9R,3,4516,6.94,5,野口勝弘,33,愛知,53,A2,4.94,24.39,5.55,35.48,44.44,36.84
808,2020-09-06平和島第６６回報知杯9R,4,4159,7.02,3,向後龍一,39,埼玉,51,A2,6.39,47.37,5.81,42.31,19.51,47.62
809,2020-09-06平和島第６６回報知杯9R,5,3690,6.97,4,河合三弘,49,愛知,52,A2,5.29,39.13,5.69,43.75,29.27,48.89
810,2020-09-06平和島第６６回報知杯9R,6,3652,6.96,6,森下　勇,47,群馬,56,B1,3.96,14.67,4.13,12.5,38.46,40.91
811,2020-09-06平和島第６６回報知杯10R,1,4002,6.94,1,古結　宏,42,兵庫,53,A1,7.03,56.92,6.81,53.49,46.81,8.11
812,2020-09-06平和島第６６回報知杯10R,2,4290,7.04,4,稲田浩二,35,兵庫,51,A1,7.62,57.53,6.89,37.04,48.65,31.43
813,2020-09-06平和島第６６回報知杯10R,3,4143,6.9,6,浦田晃嗣,39,佐賀,56,B1,4.2,20.0,5.2,40.0,27.03,20.59
814,2020-09-06平和島第６６回報知杯10R,4,5005,6.9,5,石田貴洋,24,埼玉,51,B1,3.69,12.5,3.17,10.87,39.53,42.86
815,2020-09-06平和島第６６回報知杯10R,5,3696,6.9,2,白井友晴,48,埼玉,51,A2,5.77,44.09,5.95,40.91,28.21,34.88
816,2020-09-06平和島第６６回報知杯10R,6,3841,6.93,3,佐々木和,44,徳島,55,A1,6.43,48.31,6.46,45.95,32.5,22.5
817,2020-09-06平和島第６６回報知杯11R,1,4254,6.89,3,川島圭司,37,滋賀,51,A2,5.58,39.23,5.24,29.73,38.24,36.96
818,2020-09-06平和島第６６回報知杯11R,2,4505,6.99,6,島田賢人,32,埼玉,56,A2,5.84,44.44,4.74,31.58,38.89,26.67
819,2020-09-06平和島第６６回報知杯11R,3,4175,6.98,4,川尻泰輔,37,埼玉,54,A2,5.29,36.26,6.63,47.37,35.56,47.5
820,2020-09-06平和島第６６回報知杯11R,4,3505,6.92,1,山田竜一,49,東京,52,A2,6.05,38.46,6.35,45.0,34.88,39.29
821,2020-09-06平和島第６６回報知杯11R,5,3331,6.95,5,新美恵一,52,愛知,51,A2,6.51,46.96,6.8,48.0,26.19,34.88
822,2020-09-06平和島第６６回報知杯11R,6,4692,6.93,2,酒井俊弘,36,福井,53,A2,5.55,36.23,2.33,0.0,23.08,28.95
823,2020-09-06平和島第６６回報知杯12R,1,4532,6.91,1,秋元　哲,31,埼玉,51,A1,6.47,52.75,6.06,46.88,39.58,31.71
824,2020-09-06平和島第６６回報知杯12R,2,4305,6.99,2,金子拓矢,36,群馬,51,A1,6.37,44.44,6.31,47.46,35.71,40.0
825,2020-09-06平和島第６６回報知杯12R,3,4080,6.9,3,山崎哲司,41,愛知,52,A1,7.1,55.56,5.27,31.82,46.51,21.43
826,2020-09-06平和島第６６回報知杯12R,4,3319,6.89,6,山崎義明,53,埼玉,52,A1,6.36,46.61,6.35,45.95,38.64,15.91
827,2020-09-06平和島第６６回報知杯12R,5,4357,6.8,4,田中和也,36,大阪,52,A1,7.15,58.4,7.14,54.0,44.19,33.33
828,2020-09-06平和島第６６回報知杯12R,6,3918,6.91,5,深井利寿,46,滋賀,51,A1,6.34,49.15,6.33,51.52,40.54,32.61
829,2020-09-06江戸川江戸川大好き選手集結！３代目江戸川番長決定戦1R,1,4310,6.5,2,横家翔一,36,愛知,58,B1,3.85,20.24,4.61,25.0,47.62,49.23
830,2020-09-06江戸川江戸川大好き選手集結！３代目江戸川番長決定戦1R,2,3338,6.67,5,出本正博,55,広島,54,B1,4.51,18.18,4.05,15.38,34.38,44.44
831,2020-09-06江戸川江戸川大好き選手集結！３代目江戸川番長決定戦1R,3,3065,6.58,1,増田弘喜,60,埼玉,55,B1,4.36,17.0,5.26,25.93,27.69,33.33
832,2020-09-06江戸川江戸川大好き選手集結！３代目江戸川番長決定戦1R,4,3848,6.6,6,川上聡介,43,愛知,56,B1,4.92,24.44,5.52,38.64,40.3,30.88
833,2020-09-06江戸川江戸川大好き選手集結！３代目江戸川番長決定戦1R,5,4641,6.6,4,磯村　匠,29,東京,50,B1,4.94,26.98,5.19,29.69,15.49,40.3
834,2020-09-06江戸川江戸川大好き選手集結！３代目江戸川番長決定戦1R,6,4792,6.64,3,杉村賢也,30,東京,52,B1,3.79,19.05,4.15,23.94,37.14,35.38
835,2020-09-06江戸川江戸川大好き選手集結！３代目江戸川番長決定戦2R,1,3973,6.59,1,崎　利仁,44,群馬,54,B1,4.59,18.02,5.84,37.5,26.87,30.99
836,2020-09-06江戸川江戸川大好き選手集結！３代目江戸川番長決定戦2R,2,4644,6.62,4,山田亮太,41,東京,51,A2,5.46,32.98,6.77,54.17,27.94,38.24
837,2020-09-06江戸川江戸川大好き選手集結！３代目江戸川番長決定戦2R,3,4945,6.55,2,上村宏太,28,東京,50,B2,4.18,19.35,3.09,12.5,50.0,28.33
838,2020-09-06江戸川江戸川大好き選手集結！３代目江戸川番長決定戦2R,4,4954,6.47,3,内山峻輔,25,東京,54,B1,4.0,17.81,2.98,3.64,28.13,27.27
839,2020-09-06江戸川江戸川大好き選手集結！３代目江戸川番長決定戦2R,5,3141,6.59,6,山来和人,58,東京,53,B1,4.54,25.71,5.18,29.17,16.42,29.69
840,2020-09-06江戸川江戸川大好き選手集結！３代目江戸川番長決定戦2R,6,4861,6.47,5,田中宏樹,32,福岡,52,B1,5.5,35.64,5.49,41.18,50.0,31.67
841,2020-09-06江戸川江戸川大好き選手集結！３代目江戸川番長決定戦3R,1,4632,6.58,1,長尾京志,31,福岡,53,B1,4.85,24.71,5.07,30.43,43.28,20.9
842,2020-09-06江戸川江戸川大好き選手集結！３代目江戸川番長決定戦3R,2,4318,6.69,6,桑原将光,36,東京,50,A2,5.77,35.77,6.53,50.0,45.83,26.09
843,2020-09-06江戸川江戸川大好き選手集結！３代目江戸川番長決定戦3R,3,3834,6.66,2,細川明人,45,岡山,57,B1,5.03,28.33,5.83,42.86,29.17,37.14
844,2020-09-06江戸川江戸川大好き選手集結！３代目江戸川番長決定戦3R,4,4976,6.66,4,金山立樹,26,東京,53,B1,3.29,8.14,2.71,4.17,48.44,28.77
845,2020-09-06江戸川江戸川大好き選手集結！３代目江戸川番長決定戦3R,5,4097,6.57,3,貫地谷直,38,広島,56,B1,3.89,16.98,4.15,18.18,29.69,46.03
846,2020-09-06江戸川江戸川大好き選手集結！３代目江戸川番長決定戦3R,6,4748,6.53,5,渡邉雄朗,34,東京,52,A2,6.12,49.5,6.34,47.54,20.31,35.21
847,2020-09-06江戸川江戸川大好き選手集結！３代目江戸川番長決定戦4R,1,4598,6.62,2,加藤政彦,36,東京,52,A2,5.63,38.1,6.19,45.13,31.82,41.54
848,2020-09-06江戸川江戸川大好き選手集結！３代目江戸川番長決定戦4R,2,3277,6.62,1,齋藤　勇,54,東京,51,B1,4.46,24.32,5.2,34.43,22.06,25.71
849,2020-09-06江戸川江戸川大好き選手集結！３代目江戸川番長決定戦4R,3,4911,6.61,6,片岡大地,24,東京,51,B1,3.73,13.64,4.22,15.63,35.29,28.99
850,2020-09-06江戸川江戸川大好き選手集結！３代目江戸川番長決定戦4R,4,4407,6.64,4,鹿島敏弘,34,群馬,57,B1,4.9,28.72,5.22,29.85,23.94,43.48
851,2020-09-06江戸川江戸川大好き選手集結！３代目江戸川番長決定戦4R,5,3370,6.56,3,坪内　実,53,大阪,56,B1,3.81,16.46,5.1,34.48,31.88,36.36
852,2020-09-06江戸川江戸川大好き選手集結！３代目江戸川番長決定戦5R,1,4077,6.68,1,品田直樹,41,東京,49,B1,4.85,26.42,5.55,33.72,42.42,40.63
853,2020-09-06江戸川江戸川大好き選手集結！３代目江戸川番長決定戦5R,2,3699,6.62,6,富永正人,47,埼玉,52,A2,4.93,28.92,6.4,41.18,30.88,48.44
854,2020-09-06江戸川江戸川大好き選手集結！３代目江戸川番長決定戦5R,3,3065,6.62,2,増田弘喜,60,埼玉,55,B1,4.36,17.0,5.26,25.93,27.69,33.33
855,2020-09-06江戸川江戸川大好き選手集結！３代目江戸川番長決定戦5R,4,4677,6.72,3,片橋幸貴,32,滋賀,55,A2,5.75,40.0,7.0,50.0,11.94,46.27
856,2020-09-06江戸川江戸川大好き選手集結！３代目江戸川番長決定戦5R,5,3376,6.69,5,萩原善行,53,群馬,49,B1,3.71,14.14,5.03,33.8,39.06,35.82
857,2020-09-06江戸川江戸川大好き選手集結！３代目江戸川番長決定戦5R,6,3879,6.66,4,中村　格,47,岡山,58,B1,3.81,12.79,4.95,26.67,23.53,45.31
858,2020-09-06江戸川江戸川大好き選手集結！３代目江戸川番長決定戦6R,1,3303,6.66,2,渡辺　豊,52,東京,55,A2,5.11,29.52,5.93,38.97,27.27,40.32
859,2020-09-06江戸川江戸川大好き選手集結！３代目江戸川番長決定戦6R,2,4945,6.58,1,上村宏太,28,東京,50,B2,4.18,19.35,3.09,12.5,50.0,28.33
860,2020-09-06江戸川江戸川大好き選手集結！３代目江戸川番長決定戦6R,3,4310,6.6,4,横家翔一,36,愛知,58,B1,3.85,20.24,4.61,25.0,47.62,49.23
861,2020-09-06江戸川江戸川大好き選手集結！３代目江戸川番長決定戦6R,4,4161,6.52,6,黒柳浩孝,38,愛知,56,A2,5.67,35.9,6.62,49.23,32.35,31.58
862,2020-09-06江戸川江戸川大好き選手集結！３代目江戸川番長決定戦6R,5,4438,6.71,3,森作雄大,34,東京,53,B1,4.85,33.33,4.99,30.63,39.39,17.39
863,2020-09-06江戸川江戸川大好き選手集結！３代目江戸川番長決定戦6R,6,5046,6.66,5,松山裕基,26,大阪,53,B1,2.61,9.8,0.0,0.0,26.47,34.92
864,2020-09-06江戸川江戸川大好き選手集結！３代目江戸川番長決定戦7R,1,4748,6.68,2,渡邉雄朗,34,東京,52,A2,6.12,49.5,6.34,47.54,20.31,35.21
865,2020-09-06江戸川江戸川大好き選手集結！３代目江戸川番長決定戦7R,2,4615,6.72,1,板倉敦史,40,東京,53,B1,5.09,28.45,5.8,39.29,43.48,14.93
866,2020-09-06江戸川江戸川大好き選手集結！３代目江戸川番長決定戦7R,3,4644,6.85,6,山田亮太,41,東京,51,A2,5.46,32.98,6.77,54.17,27.94,38.24
867,2020-09-06江戸川江戸川大好き選手集結！３代目江戸川番長決定戦7R,4,4723,6.8,3,寺島吉彦,34,東京,49,B1,4.61,25.84,5.21,36.36,23.81,40.3
868,2020-09-06江戸川江戸川大好き選手集結！３代目江戸川番長決定戦7R,5,3848,6.78,5,川上聡介,43,愛知,56,B1,4.92,24.44,5.52,38.64,40.3,30.88
869,2020-09-06江戸川江戸川大好き選手集結！３代目江戸川番長決定戦7R,6,4562,6.73,4,阪本勇介,32,岡山,54,B1,4.8,24.76,5.05,31.82,34.92,34.38
870,2020-09-06江戸川江戸川大好き選手集結！３代目江戸川番長決定戦8R,1,4954,6.6,1,内山峻輔,25,東京,54,B1,4.0,17.81,2.98,3.64,28.13,27.27
871,2020-09-06江戸川江戸川大好き選手集結！３代目江戸川番長決定戦8R,2,4095,6.71,6,福来　剛,39,東京,51,A1,6.88,50.0,7.15,56.32,25.0,37.93
872,2020-09-06江戸川江戸川大好き選手集結！３代目江戸川番長決定戦8R,3,4318,6.74,2,桑原将光,36,東京,50,A2,5.77,35.77,6.53,50.0,45.83,26.09
873,2020-09-06江戸川江戸川大好き選手集結！３代目江戸川番長決定戦8R,4,4407,6.79,5,鹿島敏弘,34,群馬,57,B1,4.9,28.72,5.22,29.85,23.94,43.48
874,2020-09-06江戸川江戸川大好き選手集結！３代目江戸川番長決定戦8R,5,4750,6.59,3,井上尚悟,33,大阪,51,B1,4.47,26.67,4.91,30.23,56.67,17.39
875,2020-09-06江戸川江戸川大好き選手集結！３代目江戸川番長決定戦8R,6,3338,6.75,4,出本正博,55,広島,54,B1,4.51,18.18,4.05,15.38,34.38,44.44
876,2020-09-06江戸川江戸川大好き選手集結！３代目江戸川番長決定戦9R,1,4610,6.67,1,佐藤大佑,30,東京,54,A2,6.04,45.61,6.35,48.85,38.24,28.79
877,2020-09-06江戸川江戸川大好き選手集結！３代目江戸川番長決定戦9R,2,3834,6.72,3,細川明人,45,岡山,57,B1,5.03,28.33,5.83,42.86,29.17,37.14
878,2020-09-06江戸川江戸川大好き選手集結！３代目江戸川番長決定戦9R,3,3699,6.69,2,富永正人,47,埼玉,52,A2,4.93,28.92,6.4,41.18,30.88,48.44
879,2020-09-06江戸川江戸川大好き選手集結！３代目江戸川番長決定戦9R,4,4440,6.74,5,萩原知哉,34,東京,55,B1,4.72,20.0,5.06,25.93,41.18,30.0
880,2020-09-06江戸川江戸川大好き選手集結！３代目江戸川番長決定戦9R,5,3370,6.74,6,坪内　実,53,大阪,56,B1,3.81,16.46,5.1,34.48,31.88,36.36
881,2020-09-06江戸川江戸川大好き選手集結！３代目江戸川番長決定戦9R,6,4792,6.81,4,杉村賢也,30,東京,52,B1,3.79,19.05,4.15,23.94,37.14,35.38
882,2020-09-06江戸川江戸川大好き選手集結！３代目江戸川番長決定戦10R,1,3303,6.78,1,渡辺　豊,52,東京,55,A2,5.11,29.52,5.93,38.97,27.27,40.32
883,2020-09-06江戸川江戸川大好き選手集結！３代目江戸川番長決定戦10R,2,4608,6.88,2,荒井翔伍,30,東京,54,A1,5.97,41.38,6.38,43.08,34.43,27.78
884,2020-09-06江戸川江戸川大好き選手集結！３代目江戸川番長決定戦10R,3,4077,6.87,5,品田直樹,41,東京,49,B1,4.85,26.42,5.55,33.72,42.42,40.63
885,2020-09-06江戸川江戸川大好き選手集結！３代目江戸川番長決定戦10R,4,3973,6.79,3,崎　利仁,44,群馬,54,B1,4.59,18.02,5.84,37.5,26.87,30.99
886,2020-09-06江戸川江戸川大好き選手集結！３代目江戸川番長決定戦10R,5,4097,6.82,4,貫地谷直,38,広島,56,B1,3.89,16.98,4.15,18.18,29.69,46.03
887,2020-09-06江戸川江戸川大好き選手集結！３代目江戸川番長決定戦10R,6,4641,6.8,6,磯村　匠,29,東京,50,B1,4.94,26.98,5.19,29.69,15.49,40.3
888,2020-09-06江戸川江戸川大好き選手集結！３代目江戸川番長決定戦11R,1,4388,6.86,1,是澤孝宏,35,滋賀,50,A2,6.6,42.86,6.73,45.0,25.4,35.71
889,2020-09-06江戸川江戸川大好き選手集結！３代目江戸川番長決定戦11R,2,4161,6.76,2,黒柳浩孝,38,愛知,56,A2,5.67,35.9,6.62,49.23,32.35,31.58
890,2020-09-06江戸川江戸川大好き選手集結！３代目江戸川番長決定戦11R,3,4632,6.98,5,長尾京志,31,福岡,53,B1,4.85,24.71,5.07,30.43,43.28,20.9
891,2020-09-06江戸川江戸川大好き選手集結！３代目江戸川番長決定戦11R,4,4626,6.74,4,伊藤紘章,34,愛知,51,B1,4.01,19.44,4.72,31.03,47.06,36.07
892,2020-09-06江戸川江戸川大好き選手集結！３代目江戸川番長決定戦11R,5,4911,6.84,3,片岡大地,24,東京,51,B1,3.73,13.64,4.22,15.63,35.29,28.99
893,2020-09-06江戸川江戸川大好き選手集結！３代目江戸川番長決定戦11R,6,4563,6.9,6,齋藤真之,32,岡山,53,B1,4.32,19.59,4.88,31.25,34.33,28.57
894,2020-09-06江戸川江戸川大好き選手集結！３代目江戸川番長決定戦12R,1,4598,6.84,5,加藤政彦,36,東京,52,A2,5.63,38.1,6.19,45.13,31.82,41.54
895,2020-09-06江戸川江戸川大好き選手集結！３代目江戸川番長決定戦12R,2,3376,6.8,2,萩原善行,53,群馬,49,B1,3.71,14.14,5.03,33.8,39.06,35.82
896,2020-09-06江戸川江戸川大好き選手集結！３代目江戸川番長決定戦12R,3,4438,6.95,4,森作雄大,34,東京,53,B1,4.85,33.33,4.99,30.63,39.39,17.39
897,2020-09-06江戸川江戸川大好き選手集結！３代目江戸川番長決定戦12R,4,4082,6.9,1,濱崎　誠,41,大阪,51,A2,5.87,40.91,6.75,53.09,34.85,21.54
898,2020-09-06江戸川江戸川大好き選手集結！３代目江戸川番長決定戦12R,5,4976,6.96,3,金山立樹,26,東京,53,B1,3.29,8.14,2.71,4.17,48.44,28.77
899,2020-09-06江戸川江戸川大好き選手集結！３代目江戸川番長決定戦12R,6,4723,6.91,6,寺島吉彦,34,東京,49,B1,4.61,25.84,5.21,36.36,23.81,40.3
900,2020-09-06戸　田夕刊フジ1R,1,4380,6.73,4,鈴木峻佑,36,静岡,50,B1,4.38,21.21,4.56,31.25,15.79,15.0
901,2020-09-06戸　田夕刊フジ1R,2,3220,6.78,1,二橋　学,56,静岡,49,B1,4.98,26.73,4.27,13.33,43.75,39.39
902,2020-09-06戸　田夕刊フジ1R,3,4110,6.79,3,小澤和也,40,埼玉,56,B1,4.78,29.35,4.9,27.69,30.3,35.0
903,2020-09-06戸　田夕刊フジ1R,4,2841,6.74,2,吉田　稔,63,群馬,54,B1,4.27,23.33,4.93,31.71,38.46,59.38
904,2020-09-06戸　田夕刊フジ1R,5,5125,6.8,6,高井雄基,24,愛知,54,B2,2.0,2.56,0.0,0.0,20.0,28.57
905,2020-09-06戸　田夕刊フジ1R,6,5098,6.7,5,大江　純,24,愛知,56,B2,2.45,6.76,2.27,0.0,34.38,24.14
906,2020-09-06戸　田夕刊フジ2R,1,3346,6.72,4,宮本裕之,53,兵庫,51,A2,5.06,32.18,4.45,25.0,27.78,39.47
907,2020-09-06戸　田夕刊フジ2R,2,4712,6.77,6,冨好祐真,30,兵庫,54,B1,3.64,13.64,3.29,0.0,18.52,35.48
908,2020-09-06戸　田夕刊フジ2R,3,3454,6.81,2,井川大作,49,岡山,60,B1,4.59,21.28,4.63,31.25,35.71,16.67
909,2020-09-06戸　田夕刊フジ2R,4,5051,6.72,1,松本純平,25,埼玉,59,B1,3.39,12.9,2.97,12.5,33.33,17.14
910,2020-09-06戸　田夕刊フジ2R,5,4113,6.76,3,木村浩士,40,群馬,55,B1,5.84,40.0,5.61,36.84,37.5,34.21
911,2020-09-06戸　田夕刊フジ2R,6,5127,6.79,5,沼田大都,23,愛知,52,B2,1.24,0.0,0.0,0.0,42.11,25.93
912,2020-09-06戸　田夕刊フジ3R,1,4703,6.73,4,森永　隆,32,山口,51,A1,6.52,50.42,5.0,40.0,43.59,22.22
913,2020-09-06戸　田夕刊フジ3R,2,3957,6.72,3,大谷直弘,43,愛知,53,A2,5.46,31.62,5.85,35.85,36.59,10.0
914,2020-09-06戸　田夕刊フジ3R,3,3905,6.74,1,天野友和,42,愛知,54,B1,5.18,31.25,4.79,25.53,20.0,17.86
915,2020-09-06戸　田夕刊フジ3R,4,3300,6.75,2,川崎智幸,53,岡山,52,A2,6.01,44.79,5.88,44.0,28.13,26.32
916,2020-09-06戸　田夕刊フジ3R,5,4461,6.78,6,安田吉宏,34,三重,55,B1,3.6,12.94,4.81,25.0,13.33,35.14
917,2020-09-06戸　田夕刊フジ3R,6,4950,6.74,5,高岡竜也,27,山口,51,B1,4.26,25.0,4.12,17.65,30.56,19.35
918,2020-09-06戸　田夕刊フジ4R,1,3686,6.78,5,鳥居塚孝,45,群馬,53,A1,5.85,39.09,6.33,47.27,21.43,50.0
919,2020-09-06戸　田夕刊フジ4R,2,3842,6.79,3,星野太郎,44,三重,52,B1,4.49,28.57,6.29,42.86,50.0,27.59
920,2020-09-06戸　田夕刊フジ4R,3,4550,6.72,4,石岡将太,31,群馬,57,B1,4.65,24.14,4.98,37.25,51.22,37.14
921,2020-09-06戸　田夕刊フジ4R,4,4702,6.75,1,三浦敬太,33,東京,51,A2,5.02,31.31,5.67,43.33,35.29,15.15
922,2020-09-06戸　田夕刊フジ4R,5,3698,6.76,6,小巻良至,48,埼玉,54,B1,4.07,15.71,4.84,30.0,43.24,38.89
923,2020-09-06戸　田夕刊フジ4R,6,5047,6.7,2,國分将太,26,東京,52,B1,4.04,19.64,3.18,7.14,25.93,48.15
924,2020-09-06戸　田夕刊フジ5R,1,4308,6.66,3,河村　了,36,愛知,50,A1,6.8,43.52,7.64,63.64,22.58,33.33
925,2020-09-06戸　田夕刊フジ5R,2,3555,6.72,6,野添貴裕,47,大阪,55,A2,6.99,55.77,6.41,52.94,22.73,25.0
926,2020-09-06戸　田夕刊フジ5R,3,4281,6.71,5,大澤大夢,36,埼玉,52,B1,5.28,33.73,5.65,34.62,57.58,37.93
927,2020-09-06戸　田夕刊フジ5R,4,4369,6.73,1,丹下　将,34,愛知,57,A2,5.7,40.91,5.92,50.0,45.65,39.39
928,2020-09-06戸　田夕刊フジ5R,5,2841,6.7,4,吉田　稔,63,群馬,54,B1,4.27,23.33,4.93,31.71,38.46,59.38
929,2020-09-06戸　田夕刊フジ5R,6,3467,6.75,2,森　弘行,51,東京,52,B1,4.26,21.25,4.35,22.58,27.27,18.75
930,2020-09-06戸　田夕刊フジ6R,1,4547,6.75,5,中田竜太,32,埼玉,50,A1,6.18,42.86,7.23,59.59,25.0,34.21
931,2020-09-06戸　田夕刊フジ6R,2,4624,6.71,6,高田　明,35,佐賀,48,A1,6.94,51.55,6.58,55.0,43.75,35.29
932,2020-09-06戸　田夕刊フジ6R,3,3445,6.77,1,加藤高史,50,埼玉,53,A2,6.17,45.22,6.38,50.72,22.73,36.36
933,2020-09-06戸　田夕刊フジ6R,4,4113,6.85,4,木村浩士,40,群馬,55,B1,5.84,40.0,5.61,36.84,37.5,34.21
934,2020-09-06戸　田夕刊フジ6R,5,4411,6.73,2,沢田昭宏,34,大阪,55,A2,5.1,28.18,4.61,22.22,31.82,39.47
935,2020-09-06戸　田夕刊フジ7R,1,4110,6.77,4,小澤和也,40,埼玉,56,B1,4.78,29.35,4.9,27.69,30.3,35.0
936,2020-09-06戸　田夕刊フジ7R,2,4712,6.78,3,冨好祐真,30,兵庫,54,B1,3.64,13.64,3.29,0.0,18.52,35.48
937,2020-09-06戸　田夕刊フジ7R,3,4950,6.73,2,高岡竜也,27,山口,51,B1,4.26,25.0,4.12,17.65,30.56,19.35
938,2020-09-06戸　田夕刊フジ7R,4,5127,6.79,6,沼田大都,23,愛知,52,B2,1.24,0.0,0.0,0.0,42.11,25.93
939,2020-09-06戸　田夕刊フジ7R,5,5125,6.88,5,高井雄基,24,愛知,54,B2,2.0,2.56,0.0,0.0,20.0,28.57
940,2020-09-06戸　田夕刊フジ8R,1,3300,6.78,1,川崎智幸,53,岡山,52,A2,6.01,44.79,5.88,44.0,28.13,26.32
941,2020-09-06戸　田夕刊フジ8R,2,4702,6.84,3,三浦敬太,33,東京,51,A2,5.02,31.31,5.67,43.33,35.29,15.15
942,2020-09-06戸　田夕刊フジ8R,3,5098,6.74,4,大江　純,24,愛知,56,B2,2.45,6.76,2.27,0.0,34.38,24.14
943,2020-09-06戸　田夕刊フジ8R,4,3220,6.79,2,二橋　学,56,静岡,49,B1,4.98,26.73,4.27,13.33,43.75,39.39
944,2020-09-06戸　田夕刊フジ8R,5,3454,6.8,5,井川大作,49,岡山,60,B1,4.59,21.28,4.63,31.25,35.71,16.67
945,2020-09-06戸　田夕刊フジ8R,6,5047,6.81,6,國分将太,26,東京,52,B1,4.04,19.64,3.18,7.14,25.93,48.15
946,2020-09-06戸　田夕刊フジ9R,1,3686,6.71,1,鳥居塚孝,45,群馬,53,A1,5.85,39.09,6.33,47.27,21.43,50.0
947,2020-09-06戸　田夕刊フジ9R,2,4369,6.75,3,丹下　将,34,愛知,57,A2,5.7,40.91,5.92,50.0,45.65,39.39
948,2020-09-06戸　田夕刊フジ9R,3,4461,6.74,5,安田吉宏,34,三重,55,B1,3.6,12.94,4.81,25.0,13.33,35.14
949,2020-09-06戸　田夕刊フジ9R,4,3346,6.75,6,宮本裕之,53,兵庫,51,A2,5.06,32.18,4.45,25.0,27.78,39.47
950,2020-09-06戸　田夕刊フジ9R,5,5051,6.78,4,松本純平,25,埼玉,59,B1,3.39,12.9,2.97,12.5,33.33,17.14
951,2020-09-06戸　田夕刊フジ9R,6,3905,6.73,2,天野友和,42,愛知,54,B1,5.18,31.25,4.79,25.53,20.0,17.86
952,2020-09-06戸　田夕刊フジ10R,1,4547,6.8,2,中田竜太,32,埼玉,50,A1,6.18,42.86,7.23,59.59,25.0,34.21
953,2020-09-06戸　田夕刊フジ10R,2,3555,6.74,1,野添貴裕,47,大阪,55,A2,6.99,55.77,6.41,52.94,22.73,25.0
954,2020-09-06戸　田夕刊フジ10R,3,4550,6.74,3,石岡将太,31,群馬,57,B1,4.65,24.14,4.98,37.25,51.22,37.14
955,2020-09-06戸　田夕刊フジ10R,4,3957,6.88,4,大谷直弘,43,愛知,53,A2,5.46,31.62,5.85,35.85,36.59,10.0
956,2020-09-06戸　田夕刊フジ10R,5,3445,6.78,6,加藤高史,50,埼玉,53,A2,6.17,45.22,6.38,50.72,22.73,36.36
957,2020-09-06戸　田夕刊フジ10R,6,3467,6.78,5,森　弘行,51,東京,52,B1,4.26,21.25,4.35,22.58,27.27,18.75
958,2020-09-06戸　田夕刊フジ11R,1,4624,6.74,1,高田　明,35,佐賀,48,A1,6.94,51.55,6.58,55.0,43.75,35.29
959,2020-09-06戸　田夕刊フジ11R,2,4281,6.87,2,大澤大夢,36,埼玉,52,B1,5.28,33.73,5.65,34.62,57.58,37.93
960,2020-09-06戸　田夕刊フジ11R,3,4703,6.88,3,森永　隆,32,山口,51,A1,6.52,50.42,5.0,40.0,43.59,22.22
961,2020-09-06戸　田夕刊フジ11R,4,3572,6.88,6,安田政彦,48,兵庫,53,A1,6.8,50.0,6.47,47.06,31.58,40.0
962,2020-09-06戸　田夕刊フジ11R,5,3842,6.81,4,星野太郎,44,三重,52,B1,4.49,28.57,6.29,42.86,50.0,27.59
963,2020-09-06戸　田夕刊フジ11R,6,4411,6.76,5,沢田昭宏,34,大阪,55,A2,5.1,28.18,4.61,22.22,31.82,39.47
964,2020-09-06戸　田夕刊フジ12R,1,3997,6.74,1,北村征嗣,41,大阪,53,A1,7.15,53.96,6.23,43.33,16.67,26.09
965,2020-09-06戸　田夕刊フジ12R,2,3664,6.71,2,鈴木賢一,50,埼玉,58,A2,5.83,47.79,6.07,47.06,36.36,36.67
966,2020-09-06戸　田夕刊フジ12R,3,4432,6.79,6,黄金井力,34,埼玉,56,B1,4.56,23.61,5.03,27.18,53.49,38.89
967,2020-09-06戸　田夕刊フジ12R,4,4010,6.84,5,越智照浩,41,香川,57,B1,4.23,17.05,4.79,21.43,34.29,30.0
968,2020-09-06戸　田夕刊フジ12R,5,4665,6.79,4,加藤啓太,36,愛知,51,B1,4.45,19.77,4.63,12.5,26.92,27.59
969,2020-09-06戸　田夕刊フジ12R,6,4700,6.8,3,金子和之,33,埼玉,51,A2,5.56,35.63,5.61,38.53,30.3,45.95
